file,class,method,constructor,line,cbo,cboModified,fanin,fanout,wmc,rfc,loc,returnsQty,variablesQty,parametersQty,methodsInvokedQty,methodsInvokedLocalQty,methodsInvokedIndirectLocalQty,loopQty,comparisonsQty,tryCatchQty,parenthesizedExpsQty,stringLiteralsQty,numbersQty,assignmentsQty,mathOperationsQty,maxNestedBlocksQty,anonymousClassesQty,innerClassesQty,lambdasQty,uniqueWordsQty,modifiers,logStatementsQty,hasJavaDoc
C:\Users\DELL PRO\Desktop\mini_projet\CheckInOutAPI-Hotel-Reservation-Management-main\src\main\java\com\api\apicheck_incheck_out\service\impl\FactureServiceImpl.java,com.api.apicheck_incheck_out.service.impl.FactureServiceImpl,payerFactureCheckIn/1[com.api.apicheck_incheck_out.dto.PaiementRequestDTO],false,81,6,4,0,4,4,17,25,1,4,1,17,2,1,1,1,0,0,1,0,5,0,2,0,0,1,30,1,0,false
C:\Users\DELL PRO\Desktop\mini_projet\CheckInOutAPI-Hotel-Reservation-Management-main\src\main\java\com\api\apicheck_incheck_out\service\impl\FactureServiceImpl.java,com.api.apicheck_incheck_out.service.impl.FactureServiceImpl,validerPaiementStripe/1[com.api.apicheck_incheck_out.dto.PaiementRequestDTO],false,123,2,1,1,0,2,5,10,2,1,1,5,0,0,0,0,1,0,1,0,1,0,1,0,0,0,14,1,0,false
C:\Users\DELL PRO\Desktop\mini_projet\CheckInOutAPI-Hotel-Reservation-Management-main\src\main\java\com\api\apicheck_incheck_out\service\impl\FactureServiceImpl.java,com.api.apicheck_incheck_out.service.impl.FactureServiceImpl,"validerPaiementCheckOut/2[com.api.apicheck_incheck_out.entity.Reservation,double]",false,164,3,1,0,1,2,9,10,1,1,2,9,0,0,0,0,1,0,2,0,1,0,1,0,0,0,26,1,1,false
C:\Users\DELL PRO\Desktop\mini_projet\CheckInOutAPI-Hotel-Reservation-Management-main\src\main\java\com\api\apicheck_incheck_out\service\impl\FactureServiceImpl.java,com.api.apicheck_incheck_out.service.impl.FactureServiceImpl,calculerMontantCheckIn/1[com.api.apicheck_incheck_out.entity.Reservation],false,64,3,4,3,1,3,13,13,1,4,1,13,0,0,2,0,0,1,0,2,6,3,1,0,0,0,20,1,0,false
C:\Users\DELL PRO\Desktop\mini_projet\CheckInOutAPI-Hotel-Reservation-Management-main\src\main\java\com\api\apicheck_incheck_out\service\impl\FactureServiceImpl.java,com.api.apicheck_incheck_out.service.impl.FactureServiceImpl,"FactureServiceImpl/3[com.api.apicheck_incheck_out.repository.FactureRepository,com.api.apicheck_incheck_out.repository.ReservationRepository,com.api.apicheck_incheck_out.repository.ReservationServiceRepository]",true,37,3,0,0,0,1,0,5,0,0,3,0,0,0,0,0,0,0,0,0,3,0,0,0,0,0,6,1,0,false
C:\Users\DELL PRO\Desktop\mini_projet\CheckInOutAPI-Hotel-Reservation-Management-main\src\main\java\com\api\apicheck_incheck_out\service\impl\FactureServiceImpl.java,com.api.apicheck_incheck_out.service.impl.FactureServiceImpl,payerFactureCheckIn/1[com.api.apicheck_incheck_out.entity.Reservation],false,45,3,2,0,2,1,9,13,0,2,1,9,1,1,0,0,0,0,0,0,2,0,0,0,0,0,13,1,0,false
C:\Users\DELL PRO\Desktop\mini_projet\CheckInOutAPI-Hotel-Reservation-Management-main\src\main\java\com\api\apicheck_incheck_out\service\impl\FactureServiceImpl.java,com.api.apicheck_incheck_out.service.impl.FactureServiceImpl,payerFactureCheckInCache/1[com.api.apicheck_incheck_out.entity.Reservation],false,137,3,2,0,2,2,11,17,0,2,1,11,1,1,1,0,0,0,0,0,2,0,1,0,0,0,16,1,0,false
C:\Users\DELL PRO\Desktop\mini_projet\CheckInOutAPI-Hotel-Reservation-Management-main\src\main\java\com\api\apicheck_incheck_out\service\factory\DocumentScanValidator.java,com.api.apicheck_incheck_out.service.factory.DocumentScanValidator,"validateIdentificationDocument/2[com.api.apicheck_incheck_out.entity.User,com.api.apicheck_incheck_out.dto.DocumentScanDTO]",false,25,3,3,1,2,3,3,8,0,0,2,3,2,1,0,2,0,0,0,0,0,0,1,0,0,0,9,2,0,false
C:\Users\DELL PRO\Desktop\mini_projet\CheckInOutAPI-Hotel-Reservation-Management-main\src\main\java\com\api\apicheck_incheck_out\service\factory\DocumentScanValidator.java,com.api.apicheck_incheck_out.service.factory.DocumentScanValidator,"validateName/2[com.api.apicheck_incheck_out.entity.User,com.api.apicheck_incheck_out.dto.DocumentScanDTO]",false,20,3,2,1,1,3,3,5,0,0,2,3,0,0,0,0,0,0,1,0,0,0,1,0,0,0,8,2,0,false
C:\Users\DELL PRO\Desktop\mini_projet\CheckInOutAPI-Hotel-Reservation-Management-main\src\main\java\com\api\apicheck_incheck_out\service\factory\DocumentScanValidator.java,com.api.apicheck_incheck_out.service.factory.DocumentScanValidator,"validateDocument/2[com.api.apicheck_incheck_out.entity.Reservation,com.api.apicheck_incheck_out.dto.DocumentScanDTO]",false,14,4,3,1,2,1,3,5,0,1,2,3,2,2,0,0,0,0,0,0,1,0,0,0,0,0,8,1,0,false
C:\Users\DELL PRO\Desktop\mini_projet\CheckInOutAPI-Hotel-Reservation-Management-main\src\main\java\com\api\apicheck_incheck_out\service\factory\DocumentScanValidator.java,com.api.apicheck_incheck_out.service.factory.DocumentScanValidator,"validatePassport/2[com.api.apicheck_incheck_out.entity.User,com.api.apicheck_incheck_out.dto.DocumentScanDTO]",false,37,3,2,1,1,3,3,5,0,0,2,3,0,0,0,1,0,0,1,0,0,0,1,0,0,0,9,2,0,false
C:\Users\DELL PRO\Desktop\mini_projet\CheckInOutAPI-Hotel-Reservation-Management-main\src\main\java\com\api\apicheck_incheck_out\service\factory\DocumentScanValidator.java,com.api.apicheck_incheck_out.service.factory.DocumentScanValidator,"validateCIN/2[com.api.apicheck_incheck_out.entity.User,com.api.apicheck_incheck_out.dto.DocumentScanDTO]",false,32,3,2,1,1,3,2,5,0,0,2,2,0,0,0,1,0,0,1,0,0,0,1,0,0,0,11,2,0,false
C:\Users\DELL PRO\Desktop\mini_projet\CheckInOutAPI-Hotel-Reservation-Management-main\src\main\java\com\api\apicheck_incheck_out\service\impl\ChambreServiceImpl.java,com.api.apicheck_incheck_out.service.impl.ChambreServiceImpl,ChambreServiceImpl/1[com.api.apicheck_incheck_out.repository.ChambreRepository],true,19,1,0,0,0,1,0,3,0,0,1,0,0,0,0,0,0,0,0,0,1,0,0,0,0,0,5,1,0,false
C:\Users\DELL PRO\Desktop\mini_projet\CheckInOutAPI-Hotel-Reservation-Management-main\src\main\java\com\api\apicheck_incheck_out\service\impl\ChambreServiceImpl.java,com.api.apicheck_incheck_out.service.impl.ChambreServiceImpl,getChambres/0,false,56,1,0,0,0,1,1,3,1,0,0,1,0,0,0,0,0,0,0,0,0,0,0,0,0,0,2,1,0,false
C:\Users\DELL PRO\Desktop\mini_projet\CheckInOutAPI-Hotel-Reservation-Management-main\src\main\java\com\api\apicheck_incheck_out\service\impl\ChambreServiceImpl.java,com.api.apicheck_incheck_out.service.impl.ChambreServiceImpl,deleteChambre/1[java.lang.Long],false,48,1,1,0,1,2,2,6,0,0,1,2,0,0,0,0,0,0,1,0,0,1,1,0,0,0,9,1,0,false
C:\Users\DELL PRO\Desktop\mini_projet\CheckInOutAPI-Hotel-Reservation-Management-main\src\main\java\com\api\apicheck_incheck_out\service\impl\ChambreServiceImpl.java,com.api.apicheck_incheck_out.service.impl.ChambreServiceImpl,addChambre/1[com.api.apicheck_incheck_out.entity.Chambre],false,24,1,0,0,0,1,1,3,1,0,1,1,0,0,0,0,0,0,0,0,0,0,0,0,0,0,3,1,0,false
C:\Users\DELL PRO\Desktop\mini_projet\CheckInOutAPI-Hotel-Reservation-Management-main\src\main\java\com\api\apicheck_incheck_out\service\impl\ChambreServiceImpl.java,com.api.apicheck_incheck_out.service.impl.ChambreServiceImpl,"updateChambre/2[java.lang.Long,com.api.apicheck_incheck_out.entity.Chambre]",false,29,2,1,0,1,2,14,16,1,2,2,14,0,0,0,0,0,0,1,0,2,1,1,0,0,0,11,1,0,false
C:\Users\DELL PRO\Desktop\mini_projet\CheckInOutAPI-Hotel-Reservation-Management-main\src\main\java\com\api\apicheck_incheck_out\service\impl\ChambreServiceImpl.java,com.api.apicheck_incheck_out.service.impl.ChambreServiceImpl,getChambre/1[java.lang.Long],false,63,2,0,0,0,1,2,3,1,0,1,2,0,0,0,0,0,0,1,0,0,1,0,0,0,1,9,1,0,false
C:\Users\DELL PRO\Desktop\mini_projet\CheckInOutAPI-Hotel-Reservation-Management-main\src\main\java\com\api\apicheck_incheck_out\service\factory\ChambreReservationFinder.java,com.api.apicheck_incheck_out.service.factory.ChambreReservationFinder,findChambreReservationByReservationId/1[java.lang.Long],false,24,3,4,2,2,2,2,7,1,1,1,2,0,0,0,0,0,0,1,0,1,1,1,0,0,0,16,1,0,false
C:\Users\DELL PRO\Desktop\mini_projet\CheckInOutAPI-Hotel-Reservation-Management-main\src\main\java\com\api\apicheck_incheck_out\service\factory\ChambreReservationFinder.java,com.api.apicheck_incheck_out.service.factory.ChambreReservationFinder,"findChambreReservation/2[java.lang.Long,java.lang.Long]",false,20,3,4,2,2,1,2,3,1,0,2,2,0,0,0,0,0,0,2,0,0,1,0,0,0,1,15,1,0,false
C:\Users\DELL PRO\Desktop\mini_projet\CheckInOutAPI-Hotel-Reservation-Management-main\src\main\java\com\api\apicheck_incheck_out\service\factory\ChambreReservationFinder.java,com.api.apicheck_incheck_out.service.factory.ChambreReservationFinder,findChambreReservationsByReservation/1[com.api.apicheck_incheck_out.entity.Reservation],false,32,3,2,1,1,1,1,3,1,0,1,1,0,0,0,0,0,0,0,0,0,0,0,0,0,0,6,1,0,false
C:\Users\DELL PRO\Desktop\mini_projet\CheckInOutAPI-Hotel-Reservation-Management-main\src\main\java\com\api\apicheck_incheck_out\service\factory\ChambreReservationFinder.java,com.api.apicheck_incheck_out.service.factory.ChambreReservationFinder,ChambreReservationFinder/1[com.api.apicheck_incheck_out.repository.ChambreReservationRepository],true,16,1,0,0,0,1,0,3,0,0,1,0,0,0,0,0,0,0,0,0,1,0,0,0,0,0,5,1,0,false
C:\Users\DELL PRO\Desktop\mini_projet\CheckInOutAPI-Hotel-Reservation-Management-main\src\main\java\com\api\apicheck_incheck_out\service\ChambreService.java,com.api.apicheck_incheck_out.service.ChambreService,deleteChambre/1[java.lang.Long],false,11,0,1,1,0,1,0,1,0,0,1,0,0,0,0,0,0,0,0,0,0,0,0,0,0,0,4,1,0,false
C:\Users\DELL PRO\Desktop\mini_projet\CheckInOutAPI-Hotel-Reservation-Management-main\src\main\java\com\api\apicheck_incheck_out\service\ChambreService.java,com.api.apicheck_incheck_out.service.ChambreService,addChambre/1[com.api.apicheck_incheck_out.entity.Chambre],false,9,1,1,1,0,1,0,1,0,0,1,0,0,0,0,0,0,0,0,0,0,0,0,0,0,0,3,1,0,false
C:\Users\DELL PRO\Desktop\mini_projet\CheckInOutAPI-Hotel-Reservation-Management-main\src\main\java\com\api\apicheck_incheck_out\service\ChambreService.java,com.api.apicheck_incheck_out.service.ChambreService,getChambre/1[java.lang.Long],false,13,1,1,1,0,1,0,1,0,0,1,0,0,0,0,0,0,0,0,0,0,0,0,0,0,0,4,1,0,false
C:\Users\DELL PRO\Desktop\mini_projet\CheckInOutAPI-Hotel-Reservation-Management-main\src\main\java\com\api\apicheck_incheck_out\service\ChambreService.java,com.api.apicheck_incheck_out.service.ChambreService,"updateChambre/2[java.lang.Long,com.api.apicheck_incheck_out.entity.Chambre]",false,10,1,1,1,0,1,0,1,0,0,2,0,0,0,0,0,0,0,0,0,0,0,0,0,0,0,3,1,0,false
C:\Users\DELL PRO\Desktop\mini_projet\CheckInOutAPI-Hotel-Reservation-Management-main\src\main\java\com\api\apicheck_incheck_out\service\ChambreService.java,com.api.apicheck_incheck_out.service.ChambreService,getChambres/0,false,12,1,1,1,0,1,0,1,0,0,0,0,0,0,0,0,0,0,0,0,0,0,0,0,0,0,2,1,0,false
C:\Users\DELL PRO\Desktop\mini_projet\CheckInOutAPI-Hotel-Reservation-Management-main\src\main\java\com\api\apicheck_incheck_out\repository\UserRepository.java,com.api.apicheck_incheck_out.repository.UserRepository,findReceptionists/0,false,18,2,1,1,0,1,0,1,0,0,0,0,0,0,0,0,0,0,1,0,0,0,0,0,0,0,6,0,0,false
C:\Users\DELL PRO\Desktop\mini_projet\CheckInOutAPI-Hotel-Reservation-Management-main\src\main\java\com\api\apicheck_incheck_out\repository\UserRepository.java,com.api.apicheck_incheck_out.repository.UserRepository,"logIn/2[java.lang.String,java.lang.String]",false,15,3,0,0,0,1,0,1,0,0,2,0,0,0,0,0,0,0,3,0,0,0,0,0,0,0,13,0,0,false
C:\Users\DELL PRO\Desktop\mini_projet\CheckInOutAPI-Hotel-Reservation-Management-main\src\main\java\com\api\apicheck_incheck_out\repository\UserRepository.java,com.api.apicheck_incheck_out.repository.UserRepository,findByEmail/1[java.lang.String],false,24,1,3,3,0,1,0,1,0,0,1,0,0,0,0,0,0,0,0,0,0,0,0,0,0,0,5,0,0,false
C:\Users\DELL PRO\Desktop\mini_projet\CheckInOutAPI-Hotel-Reservation-Management-main\src\main\java\com\api\apicheck_incheck_out\repository\UserRepository.java,com.api.apicheck_incheck_out.repository.UserRepository,findClients/0,false,21,2,1,1,0,1,0,1,0,0,0,0,0,0,0,0,0,0,1,0,0,0,0,0,0,0,6,0,0,false
C:\Users\DELL PRO\Desktop\mini_projet\CheckInOutAPI-Hotel-Reservation-Management-main\src\main\java\com\api\apicheck_incheck_out\repository\UserRepository.java,com.api.apicheck_incheck_out.repository.UserRepository,findAdmins/0,false,26,2,1,1,0,1,0,1,0,0,0,0,0,0,0,0,0,0,1,0,0,0,0,0,0,0,6,0,0,false
C:\Users\DELL PRO\Desktop\mini_projet\CheckInOutAPI-Hotel-Reservation-Management-main\src\main\java\com\api\apicheck_incheck_out\stripe\service\impl\StripeServiceImpl.java,com.api.apicheck_incheck_out.stripe.service.impl.StripeServiceImpl,createPaymentIntent/1[java.lang.Double],false,62,1,1,1,0,1,3,7,1,1,1,3,0,0,0,0,0,1,5,1,1,1,0,0,0,0,8,1,0,false
C:\Users\DELL PRO\Desktop\mini_projet\CheckInOutAPI-Hotel-Reservation-Management-main\src\main\java\com\api\apicheck_incheck_out\stripe\service\impl\StripeServiceImpl.java,com.api.apicheck_incheck_out.stripe.service.impl.StripeServiceImpl,checkoutServices/1[com.api.apicheck_incheck_out.stripe.CheckOutRequest],false,71,4,0,0,0,6,27,22,3,5,1,27,0,0,0,4,1,0,11,1,7,3,1,0,0,0,33,1,1,false
C:\Users\DELL PRO\Desktop\mini_projet\CheckInOutAPI-Hotel-Reservation-Management-main\src\main\java\com\api\apicheck_incheck_out\stripe\service\impl\StripeServiceImpl.java,com.api.apicheck_incheck_out.stripe.service.impl.StripeServiceImpl,"processPayment/3[double,java.lang.String,java.lang.String]",false,36,2,0,0,0,2,13,13,2,3,3,13,0,0,0,0,1,1,4,2,3,3,1,0,0,0,23,1,1,false
C:\Users\DELL PRO\Desktop\mini_projet\CheckInOutAPI-Hotel-Reservation-Management-main\src\main\java\com\api\apicheck_incheck_out\stripe\service\impl\StripeServiceImpl.java,com.api.apicheck_incheck_out.stripe.service.impl.StripeServiceImpl,init/0,false,28,1,0,0,0,1,1,4,0,0,0,1,0,0,0,0,0,0,1,0,1,1,0,0,0,0,7,1,1,false
C:\Users\DELL PRO\Desktop\mini_projet\CheckInOutAPI-Hotel-Reservation-Management-main\src\main\java\com\api\apicheck_incheck_out\exceptionhandling\DocumentNotScannedException.java,com.api.apicheck_incheck_out.exceptionhandling.DocumentNotScannedException,DocumentNotScannedException/1[java.lang.String],true,4,0,1,1,0,1,0,3,0,0,1,0,0,0,0,0,0,0,0,0,0,0,0,0,0,0,5,1,0,false
C:\Users\DELL PRO\Desktop\mini_projet\CheckInOutAPI-Hotel-Reservation-Management-main\src\main\java\com\api\apicheck_incheck_out\repository\CheckInRepository.java,com.api.apicheck_incheck_out.repository.CheckInRepository,findByReservation/1[com.api.apicheck_incheck_out.entity.Reservation],false,10,2,2,2,0,1,0,1,0,0,1,0,0,0,0,0,0,0,0,0,0,0,0,0,0,0,4,0,0,false
C:\Users\DELL PRO\Desktop\mini_projet\CheckInOutAPI-Hotel-Reservation-Management-main\src\main\java\com\api\apicheck_incheck_out\controller\ChambreController.java,com.api.apicheck_incheck_out.controller.ChambreController,addChambre/1[com.api.apicheck_incheck_out.dto.ChambreDTO],false,31,7,3,0,3,1,4,4,1,1,1,4,0,0,0,0,0,0,0,0,1,0,0,0,0,0,6,1,0,false
C:\Users\DELL PRO\Desktop\mini_projet\CheckInOutAPI-Hotel-Reservation-Management-main\src\main\java\com\api\apicheck_incheck_out\controller\ChambreController.java,com.api.apicheck_incheck_out.controller.ChambreController,"ChambreController/2[com.api.apicheck_incheck_out.service.ChambreService,com.api.apicheck_incheck_out.mapper.ChambreMapper]",true,25,2,0,0,0,1,0,4,0,0,2,0,0,0,0,0,0,0,0,0,2,0,0,0,0,0,5,1,0,false
C:\Users\DELL PRO\Desktop\mini_projet\CheckInOutAPI-Hotel-Reservation-Management-main\src\main\java\com\api\apicheck_incheck_out\controller\ChambreController.java,com.api.apicheck_incheck_out.controller.ChambreController,deleteChambre/1[java.lang.Long],false,41,4,1,0,1,1,3,4,1,0,1,3,0,0,0,0,0,0,1,0,0,0,0,0,0,0,4,1,0,false
C:\Users\DELL PRO\Desktop\mini_projet\CheckInOutAPI-Hotel-Reservation-Management-main\src\main\java\com\api\apicheck_incheck_out\controller\ChambreController.java,com.api.apicheck_incheck_out.controller.ChambreController,"updateChambre/2[java.lang.Long,com.api.apicheck_incheck_out.dto.ChambreDTO]",false,36,8,3,0,3,1,4,4,1,1,2,4,0,0,0,0,0,0,1,0,1,0,0,0,0,0,8,1,0,false
C:\Users\DELL PRO\Desktop\mini_projet\CheckInOutAPI-Hotel-Reservation-Management-main\src\main\java\com\api\apicheck_incheck_out\controller\ChambreController.java,com.api.apicheck_incheck_out.controller.ChambreController,getChambreById/1[java.lang.Long],false,56,7,2,0,2,1,2,5,1,2,1,2,0,0,0,0,0,0,1,0,2,0,0,0,0,0,10,1,0,false
C:\Users\DELL PRO\Desktop\mini_projet\CheckInOutAPI-Hotel-Reservation-Management-main\src\main\java\com\api\apicheck_incheck_out\controller\ChambreController.java,com.api.apicheck_incheck_out.controller.ChambreController,getAllChambres/0,false,46,5,1,0,1,1,4,5,1,2,0,4,0,0,0,0,0,0,0,0,2,0,0,0,0,0,9,1,0,false
C:\Users\DELL PRO\Desktop\mini_projet\CheckInOutAPI-Hotel-Reservation-Management-main\src\main\java\com\api\apicheck_incheck_out\controller\ChambreController.java,com.api.apicheck_incheck_out.controller.ChambreController,getAllChambreTypes/0,false,64,3,1,0,1,1,4,4,1,1,0,4,0,0,0,0,0,0,1,0,1,0,0,0,0,0,5,1,0,false
C:\Users\DELL PRO\Desktop\mini_projet\CheckInOutAPI-Hotel-Reservation-Management-main\src\main\java\com\api\apicheck_incheck_out\controller\CheckInController.java,com.api.apicheck_incheck_out.controller.CheckInController,getDocumentScanByCheckIn/1[java.lang.Long],false,141,6,2,0,2,2,5,9,2,1,1,5,0,0,0,0,1,0,1,0,1,0,1,0,0,0,15,1,0,false
C:\Users\DELL PRO\Desktop\mini_projet\CheckInOutAPI-Hotel-Reservation-Management-main\src\main\java\com\api\apicheck_incheck_out\controller\CheckInController.java,com.api.apicheck_incheck_out.controller.CheckInController,"CheckInController/5[com.api.apicheck_incheck_out.service.CheckInService,com.api.apicheck_incheck_out.service.ReservationService,com.api.apicheck_incheck_out.mapper.DocumentScanMapper,com.api.apicheck_incheck_out.repository.ReservationRepository,com.api.apicheck_incheck_out.mapper.CheckInMapper]",true,43,5,0,0,0,1,0,7,0,0,5,0,0,0,0,0,0,0,0,0,5,0,0,0,0,0,10,1,0,false
C:\Users\DELL PRO\Desktop\mini_projet\CheckInOutAPI-Hotel-Reservation-Management-main\src\main\java\com\api\apicheck_incheck_out\controller\CheckInController.java,com.api.apicheck_incheck_out.controller.CheckInController,"validerScan/6[java.lang.Long,com.api.apicheck_incheck_out.controller.MultipartFile,java.lang.String,java.lang.String,java.lang.String,java.lang.String]",false,66,10,4,0,4,14,23,57,8,6,6,23,0,0,0,3,1,0,12,3,6,1,2,0,0,0,44,1,0,false
C:\Users\DELL PRO\Desktop\mini_projet\CheckInOutAPI-Hotel-Reservation-Management-main\src\main\java\com\api\apicheck_incheck_out\controller\CheckInController.java,com.api.apicheck_incheck_out.controller.CheckInController,checkInsForToday/1[java.time.LocalDate],false,52,7,1,0,1,1,5,5,1,2,1,5,0,0,0,0,0,0,2,0,2,0,0,0,0,0,11,1,0,false
C:\Users\DELL PRO\Desktop\mini_projet\CheckInOutAPI-Hotel-Reservation-Management-main\src\main\java\com\api\apicheck_incheck_out\controller\CheckInController.java,com.api.apicheck_incheck_out.controller.CheckInController,getCheckInStatus/1[java.lang.Long],false,222,5,0,0,0,3,9,12,3,3,1,9,0,0,0,1,0,0,3,0,3,0,1,0,0,0,11,1,0,false
C:\Users\DELL PRO\Desktop\mini_projet\CheckInOutAPI-Hotel-Reservation-Management-main\src\main\java\com\api\apicheck_incheck_out\controller\CheckInController.java,com.api.apicheck_incheck_out.controller.CheckInController,validerCheckIn/1[java.lang.Long],false,151,6,2,0,2,4,8,24,4,2,1,8,0,0,0,1,1,0,11,0,2,6,2,0,0,0,23,1,6,false
C:\Users\DELL PRO\Desktop\mini_projet\CheckInOutAPI-Hotel-Reservation-Management-main\src\main\java\com\api\apicheck_incheck_out\controller\CheckInController.java,com.api.apicheck_incheck_out.controller.CheckInController,"ajoutercheckin/7[java.lang.Long,java.lang.String,java.lang.String,com.api.apicheck_incheck_out.enums.DocumentScanType,java.lang.String,java.lang.String,com.api.apicheck_incheck_out.controller.MultipartFile]",false,248,10,3,0,3,1,14,14,1,2,7,14,0,0,0,0,0,0,2,0,2,0,0,0,0,0,25,1,0,false
C:\Users\DELL PRO\Desktop\mini_projet\CheckInOutAPI-Hotel-Reservation-Management-main\src\main\java\com\api\apicheck_incheck_out\controller\CheckInController.java,com.api.apicheck_incheck_out.controller.CheckInController,getCheckInByReservation/1[java.lang.Long],false,185,9,5,0,5,4,8,23,4,2,1,8,0,0,0,1,1,0,7,0,2,2,3,0,0,0,20,1,3,false
C:\Users\DELL PRO\Desktop\mini_projet\CheckInOutAPI-Hotel-Reservation-Management-main\src\main\java\com\api\apicheck_incheck_out\controller\CheckInController.java,com.api.apicheck_incheck_out.controller.CheckInController,getStatusCheckIn/1[java.lang.Long],false,210,5,1,0,1,1,2,4,1,1,1,2,0,0,0,0,0,0,1,0,1,0,0,0,0,0,8,1,0,false
C:\Users\DELL PRO\Desktop\mini_projet\CheckInOutAPI-Hotel-Reservation-Management-main\src\main\java\com\api\apicheck_incheck_out\controller\CheckInController.java,com.api.apicheck_incheck_out.controller.CheckInController,validercheckinReception/1[java.lang.Long],false,216,4,1,0,1,1,2,4,1,0,1,2,0,0,0,0,0,0,2,0,0,0,0,0,0,0,7,1,0,false
C:\Users\DELL PRO\Desktop\mini_projet\CheckInOutAPI-Hotel-Reservation-Management-main\src\main\java\com\api\apicheck_incheck_out\SwaggerConfig.java,com.api.apicheck_incheck_out.SwaggerConfig,customOpenAPI/0,false,11,3,0,0,0,1,4,3,1,0,0,4,0,0,0,0,0,0,3,0,0,0,0,0,0,0,12,1,0,false
C:\Users\DELL PRO\Desktop\mini_projet\CheckInOutAPI-Hotel-Reservation-Management-main\src\main\java\com\api\apicheck_incheck_out\controller\UserController.java,com.api.apicheck_incheck_out.controller.UserController,getUser/1[java.lang.Long],false,39,5,1,0,1,1,2,3,1,0,1,2,0,0,0,0,0,0,2,0,0,0,0,0,0,0,4,1,0,false
C:\Users\DELL PRO\Desktop\mini_projet\CheckInOutAPI-Hotel-Reservation-Management-main\src\main\java\com\api\apicheck_incheck_out\controller\UserController.java,com.api.apicheck_incheck_out.controller.UserController,login/1[com.api.apicheck_incheck_out.dto.UserDto],false,33,4,1,0,1,1,1,3,1,0,1,1,0,0,0,0,0,0,1,0,0,0,0,0,0,0,4,1,0,false
C:\Users\DELL PRO\Desktop\mini_projet\CheckInOutAPI-Hotel-Reservation-Management-main\src\main\java\com\api\apicheck_incheck_out\controller\UserController.java,com.api.apicheck_incheck_out.controller.UserController,getClients/0,false,55,4,1,0,1,1,2,3,1,0,0,2,0,0,0,0,0,0,1,0,0,0,0,0,0,0,2,1,0,false
C:\Users\DELL PRO\Desktop\mini_projet\CheckInOutAPI-Hotel-Reservation-Management-main\src\main\java\com\api\apicheck_incheck_out\controller\UserController.java,com.api.apicheck_incheck_out.controller.UserController,"updateUser/2[java.lang.Long,com.api.apicheck_incheck_out.dto.UserDto]",false,65,6,1,0,1,1,2,3,1,0,2,2,0,0,0,0,0,0,2,0,0,0,0,0,0,0,6,1,0,false
C:\Users\DELL PRO\Desktop\mini_projet\CheckInOutAPI-Hotel-Reservation-Management-main\src\main\java\com\api\apicheck_incheck_out\controller\UserController.java,com.api.apicheck_incheck_out.controller.UserController,register/1[com.api.apicheck_incheck_out.dto.UserDto],false,28,5,1,0,1,1,2,3,1,0,1,2,0,0,0,0,0,0,1,0,0,0,0,0,0,0,4,1,0,false
C:\Users\DELL PRO\Desktop\mini_projet\CheckInOutAPI-Hotel-Reservation-Management-main\src\main\java\com\api\apicheck_incheck_out\controller\UserController.java,com.api.apicheck_incheck_out.controller.UserController,getUsers/0,false,45,4,1,0,1,1,2,3,1,0,0,2,0,0,0,0,0,0,0,0,0,0,0,0,0,0,2,1,0,false
C:\Users\DELL PRO\Desktop\mini_projet\CheckInOutAPI-Hotel-Reservation-Management-main\src\main\java\com\api\apicheck_incheck_out\controller\UserController.java,com.api.apicheck_incheck_out.controller.UserController,getReceptionists/0,false,50,4,1,0,1,1,2,3,1,0,0,2,0,0,0,0,0,0,1,0,0,0,0,0,0,0,2,1,0,false
C:\Users\DELL PRO\Desktop\mini_projet\CheckInOutAPI-Hotel-Reservation-Management-main\src\main\java\com\api\apicheck_incheck_out\controller\UserController.java,com.api.apicheck_incheck_out.controller.UserController,deleteUser/1[java.lang.Long],false,60,3,1,0,1,1,1,3,0,0,1,1,0,0,0,0,0,0,2,0,0,0,0,0,0,0,4,1,0,false
C:\Users\DELL PRO\Desktop\mini_projet\CheckInOutAPI-Hotel-Reservation-Management-main\src\main\java\com\api\apicheck_incheck_out\security\JwtService.java,com.api.apicheck_incheck_out.security.JwtService,isTokenExpired/1[java.lang.String],false,75,1,2,1,1,2,2,8,2,0,1,2,1,1,0,0,1,0,0,0,0,0,1,0,0,0,9,1,0,false
C:\Users\DELL PRO\Desktop\mini_projet\CheckInOutAPI-Hotel-Reservation-Management-main\src\main\java\com\api\apicheck_incheck_out\security\JwtService.java,com.api.apicheck_incheck_out.security.JwtService,extractUserName/1[java.lang.String],false,58,1,3,2,1,1,1,3,1,0,1,1,0,0,0,0,0,0,0,0,0,0,0,0,0,0,5,1,0,false
C:\Users\DELL PRO\Desktop\mini_projet\CheckInOutAPI-Hotel-Reservation-Management-main\src\main\java\com\api\apicheck_incheck_out\security\JwtService.java,com.api.apicheck_incheck_out.security.JwtService,"extractClaim/2[java.lang.String,java.util.function.Function<com.api.apicheck_incheck_out.security.Claims,T>]",false,62,3,1,0,1,1,2,4,1,1,2,2,1,2,0,0,0,0,0,0,1,0,0,0,0,0,9,2,0,false
C:\Users\DELL PRO\Desktop\mini_projet\CheckInOutAPI-Hotel-Reservation-Management-main\src\main\java\com\api\apicheck_incheck_out\security\JwtService.java,com.api.apicheck_incheck_out.security.JwtService,"validateToken/2[java.lang.String,com.api.apicheck_incheck_out.security.UserDetails]",false,87,2,3,1,2,1,4,4,1,1,2,4,2,2,0,0,0,1,0,0,1,0,0,0,0,0,11,1,0,false
C:\Users\DELL PRO\Desktop\mini_projet\CheckInOutAPI-Hotel-Reservation-Management-main\src\main\java\com\api\apicheck_incheck_out\security\JwtService.java,com.api.apicheck_incheck_out.security.JwtService,JwtService/0,true,27,1,1,0,1,2,5,10,0,2,0,5,0,0,0,0,1,0,1,0,3,0,1,0,0,0,15,1,0,false
C:\Users\DELL PRO\Desktop\mini_projet\CheckInOutAPI-Hotel-Reservation-Management-main\src\main\java\com\api\apicheck_incheck_out\security\JwtService.java,com.api.apicheck_incheck_out.security.JwtService,generateToken/1[com.api.apicheck_incheck_out.entity.User],false,37,2,2,1,1,1,16,9,1,1,1,16,1,1,0,0,0,0,5,1,1,1,0,0,0,0,8,1,0,false
C:\Users\DELL PRO\Desktop\mini_projet\CheckInOutAPI-Hotel-Reservation-Management-main\src\main\java\com\api\apicheck_incheck_out\security\JwtService.java,com.api.apicheck_incheck_out.security.JwtService,getKey/0,false,53,1,2,2,0,1,2,4,1,1,0,2,0,0,0,0,0,0,0,0,1,0,0,0,0,0,6,2,0,false
C:\Users\DELL PRO\Desktop\mini_projet\CheckInOutAPI-Hotel-Reservation-Management-main\src\main\java\com\api\apicheck_incheck_out\security\JwtService.java,com.api.apicheck_incheck_out.security.JwtService,extractAllClaims/1[java.lang.String],false,67,2,2,1,1,1,6,3,1,0,1,6,1,1,0,0,0,0,0,0,0,0,0,0,0,0,6,2,0,false
C:\Users\DELL PRO\Desktop\mini_projet\CheckInOutAPI-Hotel-Reservation-Management-main\src\main\java\com\api\apicheck_incheck_out\security\JwtService.java,com.api.apicheck_incheck_out.security.JwtService,extractExpiration/1[java.lang.String],false,83,1,2,1,1,1,1,3,1,0,1,1,0,0,0,0,0,0,0,0,0,0,0,0,0,0,5,1,0,false
C:\Users\DELL PRO\Desktop\mini_projet\CheckInOutAPI-Hotel-Reservation-Management-main\src\main\java\com\api\apicheck_incheck_out\security\JWTFilter.java,com.api.apicheck_incheck_out.security.JWTFilter,shouldNotFilter/1[com.api.apicheck_incheck_out.security.HttpServletRequest],false,29,1,0,0,0,1,3,4,1,1,1,3,0,0,0,0,0,0,6,0,1,0,0,0,0,0,12,1,0,false
C:\Users\DELL PRO\Desktop\mini_projet\CheckInOutAPI-Hotel-Reservation-Management-main\src\main\java\com\api\apicheck_incheck_out\security\JWTFilter.java,com.api.apicheck_incheck_out.security.JWTFilter,"doFilterInternal/3[com.api.apicheck_incheck_out.security.HttpServletRequest,com.api.apicheck_incheck_out.security.HttpServletResponse,com.api.apicheck_incheck_out.security.FilterChain]",false,40,8,2,0,2,6,14,16,0,5,3,14,0,0,0,3,0,2,2,1,7,0,1,0,0,0,26,1,0,false
C:\Users\DELL PRO\Desktop\mini_projet\CheckInOutAPI-Hotel-Reservation-Management-main\src\main\java\com\api\apicheck_incheck_out\repository\ChambreRepository.java,com.api.apicheck_incheck_out.repository.ChambreRepository,findByIdIn/1[java.util.List<java.lang.Long>],false,11,1,0,0,0,1,0,1,0,0,1,0,0,0,0,0,0,0,0,0,0,0,0,0,0,0,5,0,0,false
C:\Users\DELL PRO\Desktop\mini_projet\CheckInOutAPI-Hotel-Reservation-Management-main\src\main\java\com\api\apicheck_incheck_out\service\impl\ReservationServicesServiceImpl.java,com.api.apicheck_incheck_out.service.impl.ReservationServicesServiceImpl,"addSejourServicesToReservation/2[java.lang.Long,java.util.List<java.lang.Long>]",false,61,5,3,0,3,1,3,5,0,2,2,3,0,0,0,0,0,0,0,0,2,0,0,0,0,0,11,1,0,false
C:\Users\DELL PRO\Desktop\mini_projet\CheckInOutAPI-Hotel-Reservation-Management-main\src\main\java\com\api\apicheck_incheck_out\service\impl\ReservationServicesServiceImpl.java,com.api.apicheck_incheck_out.service.impl.ReservationServicesServiceImpl,"getServicesByPhase/2[java.lang.Long,com.api.apicheck_incheck_out.enums.PhaseAjoutService]",false,42,3,1,0,1,1,1,3,1,0,2,1,0,0,0,0,0,0,0,0,0,0,0,0,0,0,6,1,0,false
C:\Users\DELL PRO\Desktop\mini_projet\CheckInOutAPI-Hotel-Reservation-Management-main\src\main\java\com\api\apicheck_incheck_out\service\impl\ReservationServicesServiceImpl.java,com.api.apicheck_incheck_out.service.impl.ReservationServicesServiceImpl,getAllServicesByReservation/1[java.lang.Long],false,37,2,1,0,1,1,1,3,1,0,1,1,0,0,0,0,0,0,0,0,0,0,0,0,0,0,7,1,0,false
C:\Users\DELL PRO\Desktop\mini_projet\CheckInOutAPI-Hotel-Reservation-Management-main\src\main\java\com\api\apicheck_incheck_out\service\impl\ReservationServicesServiceImpl.java,com.api.apicheck_incheck_out.service.impl.ReservationServicesServiceImpl,getAvailableServices/1[java.lang.Long],false,72,3,1,0,1,1,12,6,1,5,1,12,0,0,0,0,0,0,0,0,3,0,0,0,0,2,12,1,0,false
C:\Users\DELL PRO\Desktop\mini_projet\CheckInOutAPI-Hotel-Reservation-Management-main\src\main\java\com\api\apicheck_incheck_out\service\impl\ReservationServicesServiceImpl.java,com.api.apicheck_incheck_out.service.impl.ReservationServicesServiceImpl,"ReservationServicesServiceImpl/5[com.api.apicheck_incheck_out.repository.ReservationServiceRepository,com.api.apicheck_incheck_out.repository.ServiceRepository,com.api.apicheck_incheck_out.service.factory.ReservationServicesFinder,com.api.apicheck_incheck_out.service.factory.ReservationServicesCreator,com.api.apicheck_incheck_out.service.factory.ReservationServicesSaver]",true,27,5,0,0,0,1,0,7,0,0,5,0,0,0,0,0,0,0,0,0,5,0,0,0,0,0,10,1,0,false
C:\Users\DELL PRO\Desktop\mini_projet\CheckInOutAPI-Hotel-Reservation-Management-main\src\main\java\com\api\apicheck_incheck_out\service\impl\ReservationServicesServiceImpl.java,com.api.apicheck_incheck_out.service.impl.ReservationServicesServiceImpl,"addResService/2[java.lang.Long,java.util.List<java.lang.Long>]",false,49,4,2,0,2,1,6,6,1,3,2,6,0,0,0,0,0,0,0,0,2,0,0,0,0,1,12,1,0,false
C:\Users\DELL PRO\Desktop\mini_projet\CheckInOutAPI-Hotel-Reservation-Management-main\src\main\java\com\api\apicheck_incheck_out\service\impl\ReservationServicesServiceImpl.java,com.api.apicheck_incheck_out.service.impl.ReservationServicesServiceImpl,getRsrvServicesSejourUnpaid/1[java.lang.Long],false,89,2,1,0,1,1,4,3,1,0,1,4,0,0,0,0,0,0,0,0,0,0,0,0,0,0,7,1,0,false
C:\Users\DELL PRO\Desktop\mini_projet\CheckInOutAPI-Hotel-Reservation-Management-main\src\main\java\com\api\apicheck_incheck_out\service\ChambreReservationService.java,com.api.apicheck_incheck_out.service.ChambreReservationService,setChambreOccupee/1[java.lang.Long],false,11,0,1,1,0,1,0,1,0,0,1,0,0,0,0,0,0,0,0,0,0,0,0,0,0,0,6,1,0,false
C:\Users\DELL PRO\Desktop\mini_projet\CheckInOutAPI-Hotel-Reservation-Management-main\src\main\java\com\api\apicheck_incheck_out\service\ChambreReservationService.java,com.api.apicheck_incheck_out.service.ChambreReservationService,setChambreDisponible/1[java.lang.Long],false,12,0,1,1,0,1,0,1,0,0,1,0,0,0,0,0,0,0,0,0,0,0,0,0,0,0,5,1,0,false
C:\Users\DELL PRO\Desktop\mini_projet\CheckInOutAPI-Hotel-Reservation-Management-main\src\main\java\com\api\apicheck_incheck_out\service\ChambreReservationService.java,com.api.apicheck_incheck_out.service.ChambreReservationService,"findChambresDisponibles/5[java.lang.String,java.lang.String,java.lang.Integer,com.api.apicheck_incheck_out.enums.ChambreType,java.lang.String]",false,14,2,1,1,0,1,0,1,0,0,5,0,0,0,0,0,0,0,0,0,0,0,0,0,0,0,4,1,0,false
C:\Users\DELL PRO\Desktop\mini_projet\CheckInOutAPI-Hotel-Reservation-Management-main\src\main\java\com\api\apicheck_incheck_out\service\ChambreReservationService.java,com.api.apicheck_incheck_out.service.ChambreReservationService,"getChambreStatut/2[java.lang.Long,java.lang.Long]",false,15,1,0,0,0,1,0,1,0,0,2,0,0,0,0,0,0,0,0,0,0,0,0,0,0,0,6,1,0,false
C:\Users\DELL PRO\Desktop\mini_projet\CheckInOutAPI-Hotel-Reservation-Management-main\src\main\java\com\api\apicheck_incheck_out\service\ChambreReservationService.java,com.api.apicheck_incheck_out.service.ChambreReservationService,getChambresByReservation/1[java.lang.Long],false,16,1,1,1,0,1,0,1,0,0,1,0,0,0,0,0,0,0,0,0,0,0,0,0,0,0,6,1,0,false
C:\Users\DELL PRO\Desktop\mini_projet\CheckInOutAPI-Hotel-Reservation-Management-main\src\main\java\com\api\apicheck_incheck_out\service\ChambreReservationService.java,com.api.apicheck_incheck_out.service.ChambreReservationService,"setChambreReserved/2[java.lang.Long,java.lang.Long]",false,13,0,1,1,0,1,0,1,0,0,2,0,0,0,0,0,0,0,0,0,0,0,0,0,0,0,6,1,0,false
C:\Users\DELL PRO\Desktop\mini_projet\CheckInOutAPI-Hotel-Reservation-Management-main\src\main\java\com\api\apicheck_incheck_out\service\ChambreReservationService.java,com.api.apicheck_incheck_out.service.ChambreReservationService,getChambresDisponibles/0,false,10,1,1,1,0,1,0,1,0,0,0,0,0,0,0,0,0,0,0,0,0,0,0,0,0,0,3,1,0,false
C:\Users\DELL PRO\Desktop\mini_projet\CheckInOutAPI-Hotel-Reservation-Management-main\src\main\java\com\api\apicheck_incheck_out\dto\ApiResponse.java,com.api.apicheck_incheck_out.dto.ApiResponse,"ApiResponse/3[boolean,java.lang.String,T]",true,11,1,0,0,0,1,0,5,0,0,3,0,0,0,0,0,0,0,0,0,3,0,0,0,0,0,5,1,0,false
C:\Users\DELL PRO\Desktop\mini_projet\CheckInOutAPI-Hotel-Reservation-Management-main\src\main\java\com\api\apicheck_incheck_out\pdf\FacturePDF.java,com.api.apicheck_incheck_out.pdf.FacturePDF,addLogo/1[com.api.apicheck_incheck_out.pdf.Document],false,23,3,2,1,1,2,6,11,0,1,1,6,1,1,0,0,1,0,1,2,1,0,1,0,0,0,13,9,1,false
C:\Users\DELL PRO\Desktop\mini_projet\CheckInOutAPI-Hotel-Reservation-Management-main\src\main\java\com\api\apicheck_incheck_out\pdf\FacturePDF.java,com.api.apicheck_incheck_out.pdf.FacturePDF,addHotelInfo/1[com.api.apicheck_incheck_out.pdf.Document],false,35,2,1,1,0,1,4,13,0,1,1,4,0,0,0,0,0,0,5,1,1,0,0,0,0,0,17,10,0,false
C:\Users\DELL PRO\Desktop\mini_projet\CheckInOutAPI-Hotel-Reservation-Management-main\src\main\java\com\api\apicheck_incheck_out\pdf\FacturePDF.java,com.api.apicheck_incheck_out.pdf.FacturePDF,"addReservationInfo/2[com.api.apicheck_incheck_out.pdf.Document,com.api.apicheck_incheck_out.entity.Reservation]",false,58,3,1,1,0,1,7,11,0,1,2,7,0,0,0,0,0,0,7,1,1,3,0,0,0,0,14,10,0,false
C:\Users\DELL PRO\Desktop\mini_projet\CheckInOutAPI-Hotel-Reservation-Management-main\src\main\java\com\api\apicheck_incheck_out\pdf\FacturePDF.java,com.api.apicheck_incheck_out.pdf.FacturePDF,FacturePDF/0,true,13,0,0,0,0,1,0,3,0,0,0,0,0,0,0,0,0,0,1,0,0,0,0,0,0,0,11,2,0,false
C:\Users\DELL PRO\Desktop\mini_projet\CheckInOutAPI-Hotel-Reservation-Management-main\src\main\java\com\api\apicheck_incheck_out\pdf\FacturePDF.java,com.api.apicheck_incheck_out.pdf.FacturePDF,"generateDocumentHead/3[java.lang.String,com.api.apicheck_incheck_out.pdf.Document,com.api.apicheck_incheck_out.entity.Reservation]",false,69,4,6,2,4,1,6,10,0,1,3,6,4,2,0,0,0,0,0,0,1,0,0,0,0,0,14,8,0,false
C:\Users\DELL PRO\Desktop\mini_projet\CheckInOutAPI-Hotel-Reservation-Management-main\src\main\java\com\api\apicheck_incheck_out\pdf\FacturePDF.java,com.api.apicheck_incheck_out.pdf.FacturePDF,loadLogo/0,false,19,1,1,1,0,1,1,3,1,0,0,1,0,0,0,0,0,0,1,0,0,0,0,0,0,0,8,10,0,false
C:\Users\DELL PRO\Desktop\mini_projet\CheckInOutAPI-Hotel-Reservation-Management-main\src\main\java\com\api\apicheck_incheck_out\pdf\FacturePDF.java,com.api.apicheck_incheck_out.pdf.FacturePDF,"addClientInfo/2[com.api.apicheck_incheck_out.pdf.Document,com.api.apicheck_incheck_out.entity.Reservation]",false,48,3,1,1,0,1,8,10,0,1,2,8,0,0,0,0,0,0,5,1,1,2,0,0,0,0,11,10,0,false
C:\Users\DELL PRO\Desktop\mini_projet\CheckInOutAPI-Hotel-Reservation-Management-main\src\main\java\com\api\apicheck_incheck_out\controller\FactureController.java,com.api.apicheck_incheck_out.controller.FactureController,"getAllFacture/2[java.lang.Long,java.lang.Long]",false,162,8,1,0,1,2,6,8,1,2,2,6,0,0,0,0,0,0,3,0,2,2,1,0,0,1,19,1,0,false
C:\Users\DELL PRO\Desktop\mini_projet\CheckInOutAPI-Hotel-Reservation-Management-main\src\main\java\com\api\apicheck_incheck_out\controller\FactureController.java,com.api.apicheck_incheck_out.controller.FactureController,payerFactureCheckIn/1[com.api.apicheck_incheck_out.dto.PaiementRequestDTO],false,148,5,1,0,1,2,7,11,2,2,1,7,0,0,0,0,1,0,2,0,2,0,1,0,0,0,15,1,0,false
C:\Users\DELL PRO\Desktop\mini_projet\CheckInOutAPI-Hotel-Reservation-Management-main\src\main\java\com\api\apicheck_incheck_out\controller\FactureController.java,com.api.apicheck_incheck_out.controller.FactureController,getMontantCheckIn/1[java.lang.Long],false,58,6,1,0,1,1,4,5,1,2,1,4,0,0,0,0,0,0,2,0,2,1,0,0,0,1,13,1,0,false
C:\Users\DELL PRO\Desktop\mini_projet\CheckInOutAPI-Hotel-Reservation-Management-main\src\main\java\com\api\apicheck_incheck_out\controller\FactureController.java,com.api.apicheck_incheck_out.controller.FactureController,afficherFactureDansNavigateur/1[java.lang.Long],false,75,14,4,0,4,3,20,20,1,6,1,20,0,0,0,1,0,0,6,0,7,3,1,0,0,1,31,1,0,false
C:\Users\DELL PRO\Desktop\mini_projet\CheckInOutAPI-Hotel-Reservation-Management-main\src\main\java\com\api\apicheck_incheck_out\controller\FactureController.java,com.api.apicheck_incheck_out.controller.FactureController,"createPaymentIntent/1[java.util.Map<java.lang.String,java.lang.Object>]",false,126,6,2,0,2,3,14,17,3,3,1,14,1,1,0,0,1,0,6,0,3,2,1,0,0,0,16,1,1,false
C:\Users\DELL PRO\Desktop\mini_projet\CheckInOutAPI-Hotel-Reservation-Management-main\src\main\java\com\api\apicheck_incheck_out\controller\FactureController.java,com.api.apicheck_incheck_out.controller.FactureController,getMontantCheckOut/1[java.lang.Long],false,66,6,1,0,1,1,6,5,1,2,1,6,0,0,0,0,0,0,2,0,2,1,0,0,0,1,13,1,0,false
C:\Users\DELL PRO\Desktop\mini_projet\CheckInOutAPI-Hotel-Reservation-Management-main\src\main\java\com\api\apicheck_incheck_out\controller\FactureController.java,com.api.apicheck_incheck_out.controller.FactureController,getAllFactureCheckin/1[java.lang.Long],false,176,6,1,0,1,1,3,5,1,1,1,3,0,0,0,0,0,0,2,0,1,1,0,0,0,1,14,1,0,false
C:\Users\DELL PRO\Desktop\mini_projet\CheckInOutAPI-Hotel-Reservation-Management-main\src\main\java\com\api\apicheck_incheck_out\controller\FactureController.java,com.api.apicheck_incheck_out.controller.FactureController,parseAmount/1[java.lang.Object],false,109,0,1,1,0,4,2,16,1,1,1,2,0,0,0,1,1,0,3,1,1,0,1,0,0,0,15,2,0,false
C:\Users\DELL PRO\Desktop\mini_projet\CheckInOutAPI-Hotel-Reservation-Management-main\src\main\java\com\api\apicheck_incheck_out\controller\FactureController.java,com.api.apicheck_incheck_out.controller.FactureController,"FactureController/5[com.api.apicheck_incheck_out.service.FactureService,com.api.apicheck_incheck_out.repository.ReservationRepository,com.api.apicheck_incheck_out.stripe.service.impl.StripeServiceImpl,com.api.apicheck_incheck_out.repository.FactureRepository,com.api.apicheck_incheck_out.service.CheckOutService]",true,49,5,0,0,0,1,0,7,0,0,5,0,0,0,0,0,0,0,0,0,5,0,0,0,0,0,9,1,0,false
C:\Users\DELL PRO\Desktop\mini_projet\CheckInOutAPI-Hotel-Reservation-Management-main\src\main\java\com\api\apicheck_incheck_out\mapper\ReservationServicesMapper.java,com.api.apicheck_incheck_out.mapper.ReservationServicesMapper,toEntity/1[com.api.apicheck_incheck_out.dto.ReservationServicesDTO],false,32,5,1,0,1,1,7,5,1,2,1,7,0,0,0,0,0,0,2,0,2,2,0,0,0,2,13,1,0,false
C:\Users\DELL PRO\Desktop\mini_projet\CheckInOutAPI-Hotel-Reservation-Management-main\src\main\java\com\api\apicheck_incheck_out\mapper\ReservationServicesMapper.java,com.api.apicheck_incheck_out.mapper.ReservationServicesMapper,"ReservationServicesMapper/2[com.api.apicheck_incheck_out.repository.ReservationRepository,com.api.apicheck_incheck_out.repository.ServiceRepository]",true,17,2,0,0,0,1,0,4,0,0,2,0,0,0,0,0,0,0,0,0,2,0,0,0,0,0,6,1,0,false
C:\Users\DELL PRO\Desktop\mini_projet\CheckInOutAPI-Hotel-Reservation-Management-main\src\main\java\com\api\apicheck_incheck_out\mapper\ReservationServicesMapper.java,com.api.apicheck_incheck_out.mapper.ReservationServicesMapper,toDTO/1[com.api.apicheck_incheck_out.entity.ReservationServices],false,22,2,1,0,1,1,5,3,1,0,1,5,0,0,0,0,0,0,0,0,0,0,0,0,0,0,7,1,0,false
C:\Users\DELL PRO\Desktop\mini_projet\CheckInOutAPI-Hotel-Reservation-Management-main\src\main\java\com\api\apicheck_incheck_out\exceptionhandling\EncryptionException.java,com.api.apicheck_incheck_out.exceptionhandling.EncryptionException,EncryptionException/1[java.lang.Throwable],true,4,0,1,1,0,1,0,3,0,0,1,0,0,0,0,0,0,0,0,0,0,0,0,0,0,0,4,1,0,false
C:\Users\DELL PRO\Desktop\mini_projet\CheckInOutAPI-Hotel-Reservation-Management-main\src\main\java\com\api\apicheck_incheck_out\mapper\UserMapper.java,com.api.apicheck_incheck_out.mapper.UserMapper,toDTO/1[com.api.apicheck_incheck_out.entity.User],false,41,3,5,4,1,3,20,20,2,2,1,20,0,0,0,2,0,0,0,0,2,0,1,0,0,0,10,1,0,false
C:\Users\DELL PRO\Desktop\mini_projet\CheckInOutAPI-Hotel-Reservation-Management-main\src\main\java\com\api\apicheck_incheck_out\mapper\UserMapper.java,com.api.apicheck_incheck_out.mapper.UserMapper,toEntity/1[com.api.apicheck_incheck_out.dto.UserDto],false,14,4,1,1,0,3,22,20,2,2,1,22,0,0,0,2,0,0,0,0,2,0,1,0,0,0,8,1,0,false
C:\Users\DELL PRO\Desktop\mini_projet\CheckInOutAPI-Hotel-Reservation-Management-main\src\main\java\com\api\apicheck_incheck_out\repository\ChambreReservationRepository.java,com.api.apicheck_incheck_out.repository.ChambreReservationRepository,"findByChambre_IdInAndReservation_DateDebutAndReservation_DateFin/3[java.util.List<java.lang.Long>,java.time.LocalDate,java.time.LocalDate]",false,22,3,1,1,0,1,0,1,0,0,3,0,0,0,0,0,0,0,6,0,0,1,0,0,0,0,23,0,0,false
C:\Users\DELL PRO\Desktop\mini_projet\CheckInOutAPI-Hotel-Reservation-Management-main\src\main\java\com\api\apicheck_incheck_out\repository\ChambreReservationRepository.java,com.api.apicheck_incheck_out.repository.ChambreReservationRepository,findByReservation_Id/1[java.lang.Long],false,17,1,1,1,0,1,0,1,0,0,1,0,0,0,0,0,0,0,0,0,0,0,0,0,0,0,7,0,0,false
C:\Users\DELL PRO\Desktop\mini_projet\CheckInOutAPI-Hotel-Reservation-Management-main\src\main\java\com\api\apicheck_incheck_out\repository\ChambreReservationRepository.java,com.api.apicheck_incheck_out.repository.ChambreReservationRepository,findByReservation/1[com.api.apicheck_incheck_out.entity.Reservation],false,16,2,1,1,0,1,0,1,0,0,1,0,0,0,0,0,0,0,0,0,0,0,0,0,0,0,4,0,0,false
C:\Users\DELL PRO\Desktop\mini_projet\CheckInOutAPI-Hotel-Reservation-Management-main\src\main\java\com\api\apicheck_incheck_out\repository\ChambreReservationRepository.java,com.api.apicheck_incheck_out.repository.ChambreReservationRepository,"findByReservation_IdAndChambre_Id/2[java.lang.Long,java.lang.Long]",false,19,1,1,1,0,1,0,1,0,0,2,0,0,0,0,0,0,0,0,0,0,0,0,0,0,0,9,0,0,false
C:\Users\DELL PRO\Desktop\mini_projet\CheckInOutAPI-Hotel-Reservation-Management-main\src\main\java\com\api\apicheck_incheck_out\repository\ChambreReservationRepository.java,com.api.apicheck_incheck_out.repository.ChambreReservationRepository,findByStatut/1[com.api.apicheck_incheck_out.enums.ChambreStatut],false,18,2,1,1,0,1,0,1,0,0,1,0,0,0,0,0,0,0,0,0,0,0,0,0,0,0,5,0,0,false
C:\Users\DELL PRO\Desktop\mini_projet\CheckInOutAPI-Hotel-Reservation-Management-main\src\main\java\com\api\apicheck_incheck_out\repository\ChambreReservationRepository.java,com.api.apicheck_incheck_out.repository.ChambreReservationRepository,findByChambre_Id/1[java.lang.Long],false,20,1,1,1,0,1,0,1,0,0,1,0,0,0,0,0,0,0,0,0,0,0,0,0,0,0,7,0,0,false
C:\Users\DELL PRO\Desktop\mini_projet\CheckInOutAPI-Hotel-Reservation-Management-main\src\main\java\com\api\apicheck_incheck_out\controller\ServiceController.java,com.api.apicheck_incheck_out.controller.ServiceController,getAllServices/0,false,24,4,1,0,1,1,2,3,1,0,0,2,0,0,0,0,0,0,0,0,0,0,0,0,0,0,3,1,0,false
C:\Users\DELL PRO\Desktop\mini_projet\CheckInOutAPI-Hotel-Reservation-Management-main\src\main\java\com\api\apicheck_incheck_out\controller\ServiceController.java,com.api.apicheck_incheck_out.controller.ServiceController,deleteService/1[java.lang.Long],false,33,5,1,0,1,1,2,3,1,0,1,2,0,0,0,0,0,0,1,0,0,0,0,0,0,0,4,1,0,false
C:\Users\DELL PRO\Desktop\mini_projet\CheckInOutAPI-Hotel-Reservation-Management-main\src\main\java\com\api\apicheck_incheck_out\controller\ServiceController.java,com.api.apicheck_incheck_out.controller.ServiceController,ServiceController/1[com.api.apicheck_incheck_out.service.ServicesService],true,15,1,0,0,0,1,0,3,0,0,1,0,0,0,0,0,0,0,0,0,1,0,0,0,0,0,4,1,0,false
C:\Users\DELL PRO\Desktop\mini_projet\CheckInOutAPI-Hotel-Reservation-Management-main\src\main\java\com\api\apicheck_incheck_out\controller\ServiceController.java,com.api.apicheck_incheck_out.controller.ServiceController,"updateService/2[java.lang.Long,com.api.apicheck_incheck_out.entity.Services]",false,29,6,1,0,1,1,2,3,1,0,2,2,0,0,0,0,0,0,1,0,0,0,0,0,0,0,6,1,0,false
C:\Users\DELL PRO\Desktop\mini_projet\CheckInOutAPI-Hotel-Reservation-Management-main\src\main\java\com\api\apicheck_incheck_out\controller\ServiceController.java,com.api.apicheck_incheck_out.controller.ServiceController,addService/1[com.api.apicheck_incheck_out.entity.Services],false,20,5,1,0,1,1,2,3,1,0,1,2,0,0,0,0,0,0,0,0,0,0,0,0,0,0,4,1,0,false
C:\Users\DELL PRO\Desktop\mini_projet\CheckInOutAPI-Hotel-Reservation-Management-main\src\main\java\com\api\apicheck_incheck_out\exceptionhandling\FileExtractionException.java,com.api.apicheck_incheck_out.exceptionhandling.FileExtractionException,"FileExtractionException/2[java.lang.String,java.lang.Throwable]",true,4,0,1,1,0,1,0,3,0,0,2,0,0,0,0,0,0,0,0,0,0,0,0,0,0,0,4,1,0,false
C:\Users\DELL PRO\Desktop\mini_projet\CheckInOutAPI-Hotel-Reservation-Management-main\src\main\java\com\api\apicheck_incheck_out\controller\DocumentScanController.java,com.api.apicheck_incheck_out.controller.DocumentScanController,previewDocument/1[java.lang.Long],false,23,7,0,0,0,2,13,9,1,2,1,13,0,0,0,0,0,0,4,1,2,0,1,0,0,1,20,1,0,false
C:\Users\DELL PRO\Desktop\mini_projet\CheckInOutAPI-Hotel-Reservation-Management-main\src\main\java\com\api\apicheck_incheck_out\controller\DocumentScanController.java,com.api.apicheck_incheck_out.controller.DocumentScanController,DocumentScanController/1[com.api.apicheck_incheck_out.repository.DocumentScanRepository],true,17,1,0,0,0,1,0,3,0,0,1,0,0,0,0,0,0,0,0,0,1,0,0,0,0,0,5,1,0,false
C:\Users\DELL PRO\Desktop\mini_projet\CheckInOutAPI-Hotel-Reservation-Management-main\src\main\java\com\api\apicheck_incheck_out\mapper\ReservationMapper.java,com.api.apicheck_incheck_out.mapper.ReservationMapper,toDTO/1[com.api.apicheck_incheck_out.entity.Reservation],false,38,2,5,4,1,3,13,6,1,3,1,13,0,0,0,2,0,0,0,0,3,0,0,0,0,0,11,1,0,false
C:\Users\DELL PRO\Desktop\mini_projet\CheckInOutAPI-Hotel-Reservation-Management-main\src\main\java\com\api\apicheck_incheck_out\mapper\ReservationMapper.java,com.api.apicheck_incheck_out.mapper.ReservationMapper,toEntity/1[com.api.apicheck_incheck_out.dto.ReservationDTO],false,64,9,2,1,1,9,14,15,1,6,1,14,0,0,0,5,0,3,3,0,8,3,1,0,0,3,23,1,0,false
C:\Users\DELL PRO\Desktop\mini_projet\CheckInOutAPI-Hotel-Reservation-Management-main\src\main\java\com\api\apicheck_incheck_out\mapper\ReservationMapper.java,com.api.apicheck_incheck_out.mapper.ReservationMapper,"ReservationMapper/6[com.api.apicheck_incheck_out.repository.UserRepository,com.api.apicheck_incheck_out.repository.FactureRepository,com.api.apicheck_incheck_out.repository.CheckInRepository,com.api.apicheck_incheck_out.repository.CheckOutRepository,com.api.apicheck_incheck_out.repository.ReservationServiceRepository,com.api.apicheck_incheck_out.repository.ChambreReservationRepository]",true,28,6,0,0,0,1,0,8,0,0,6,0,0,0,0,0,0,0,0,0,6,0,0,0,0,0,12,1,0,false
C:\Users\DELL PRO\Desktop\mini_projet\CheckInOutAPI-Hotel-Reservation-Management-main\src\main\java\com\api\apicheck_incheck_out\exceptionhandling\FactureNotFoundException.java,com.api.apicheck_incheck_out.exceptionhandling.FactureNotFoundException,FactureNotFoundException/1[java.lang.String],true,4,0,2,2,0,1,0,3,0,0,1,0,0,0,0,0,0,0,0,0,0,0,0,0,0,0,5,1,0,false
C:\Users\DELL PRO\Desktop\mini_projet\CheckInOutAPI-Hotel-Reservation-Management-main\src\main\java\com\api\apicheck_incheck_out\exceptionhandling\InvalidPassportException.java,com.api.apicheck_incheck_out.exceptionhandling.InvalidPassportException,InvalidPassportException/1[java.lang.String],true,4,0,1,1,0,1,0,3,0,0,1,0,0,0,0,0,0,0,0,0,0,0,0,0,0,0,4,1,0,false
C:\Users\DELL PRO\Desktop\mini_projet\CheckInOutAPI-Hotel-Reservation-Management-main\src\main\java\com\api\apicheck_incheck_out\exceptionhandling\InvalidNameException.java,com.api.apicheck_incheck_out.exceptionhandling.InvalidNameException,InvalidNameException/1[java.lang.String],true,4,0,1,1,0,1,0,3,0,0,1,0,0,0,0,0,0,0,0,0,0,0,0,0,0,0,4,1,0,false
C:\Users\DELL PRO\Desktop\mini_projet\CheckInOutAPI-Hotel-Reservation-Management-main\src\main\java\com\api\apicheck_incheck_out\service\factory\CheckInFinder.java,com.api.apicheck_incheck_out.service.factory.CheckInFinder,findByReservation/1[com.api.apicheck_incheck_out.entity.Reservation],false,25,4,4,2,2,1,2,3,1,0,1,2,0,0,0,0,0,0,1,0,0,0,0,0,0,1,13,1,0,false
C:\Users\DELL PRO\Desktop\mini_projet\CheckInOutAPI-Hotel-Reservation-Management-main\src\main\java\com\api\apicheck_incheck_out\service\factory\CheckInFinder.java,com.api.apicheck_incheck_out.service.factory.CheckInFinder,findById/1[java.lang.Long],false,28,2,2,2,0,1,2,3,1,0,1,2,0,0,0,0,0,0,1,0,0,0,0,0,0,1,12,1,0,false
C:\Users\DELL PRO\Desktop\mini_projet\CheckInOutAPI-Hotel-Reservation-Management-main\src\main\java\com\api\apicheck_incheck_out\service\factory\CheckInFinder.java,com.api.apicheck_incheck_out.service.factory.CheckInFinder,"CheckInFinder/3[com.api.apicheck_incheck_out.repository.CheckInRepository,com.api.apicheck_incheck_out.service.factory.ReservationServicesFinder,com.api.apicheck_incheck_out.repository.ReservationRepository]",true,20,3,0,0,0,1,0,5,0,0,3,0,0,0,0,0,0,0,0,0,3,0,0,0,0,0,7,1,0,false
C:\Users\DELL PRO\Desktop\mini_projet\CheckInOutAPI-Hotel-Reservation-Management-main\src\main\java\com\api\apicheck_incheck_out\service\factory\CheckInFinder.java,com.api.apicheck_incheck_out.service.factory.CheckInFinder,findCheckinsForToday/1[java.time.LocalDate],false,36,3,2,1,1,1,5,4,1,1,1,5,0,0,0,0,0,0,0,0,1,0,0,0,0,0,8,1,0,false
C:\Users\DELL PRO\Desktop\mini_projet\CheckInOutAPI-Hotel-Reservation-Management-main\src\main\java\com\api\apicheck_incheck_out\service\factory\CheckInFinder.java,com.api.apicheck_incheck_out.service.factory.CheckInFinder,findByReservationId/1[java.lang.Long],false,32,4,3,1,2,1,3,4,1,1,1,3,0,0,0,0,0,0,0,0,1,0,0,0,0,0,10,1,0,false
C:\Users\DELL PRO\Desktop\mini_projet\CheckInOutAPI-Hotel-Reservation-Management-main\src\main\java\com\api\apicheck_incheck_out\service\impl\ChambreReservationServiceImpl.java,com.api.apicheck_incheck_out.service.impl.ChambreReservationServiceImpl,getChambresDisponibles/0,false,45,3,1,0,1,1,4,4,1,1,0,4,0,0,0,0,0,0,0,0,1,0,0,0,0,0,5,1,0,false
C:\Users\DELL PRO\Desktop\mini_projet\CheckInOutAPI-Hotel-Reservation-Management-main\src\main\java\com\api\apicheck_incheck_out\service\impl\ChambreReservationServiceImpl.java,com.api.apicheck_incheck_out.service.impl.ChambreReservationServiceImpl,"getChambreStatut/2[java.lang.Long,java.lang.Long]",false,33,3,1,0,1,1,2,4,1,1,2,2,0,0,0,0,0,0,0,0,1,0,0,0,0,0,7,1,0,false
C:\Users\DELL PRO\Desktop\mini_projet\CheckInOutAPI-Hotel-Reservation-Management-main\src\main\java\com\api\apicheck_incheck_out\service\impl\ChambreReservationServiceImpl.java,com.api.apicheck_incheck_out.service.impl.ChambreReservationServiceImpl,"setChambreReserved/2[java.lang.Long,java.lang.Long]",false,62,1,1,0,1,1,1,3,0,0,2,1,0,0,0,0,0,0,0,0,0,0,0,0,0,0,6,1,0,false
C:\Users\DELL PRO\Desktop\mini_projet\CheckInOutAPI-Hotel-Reservation-Management-main\src\main\java\com\api\apicheck_incheck_out\service\impl\ChambreReservationServiceImpl.java,com.api.apicheck_incheck_out.service.impl.ChambreReservationServiceImpl,getChambresByReservation/1[java.lang.Long],false,38,3,1,0,1,1,4,4,1,1,1,4,0,0,0,0,0,0,0,0,1,0,0,0,0,0,8,1,0,false
C:\Users\DELL PRO\Desktop\mini_projet\CheckInOutAPI-Hotel-Reservation-Management-main\src\main\java\com\api\apicheck_incheck_out\service\impl\ChambreReservationServiceImpl.java,com.api.apicheck_incheck_out.service.impl.ChambreReservationServiceImpl,"ChambreReservationServiceImpl/4[com.api.apicheck_incheck_out.repository.ChambreReservationRepository,com.api.apicheck_incheck_out.service.factory.ChambreReservationStatusManager,com.api.apicheck_incheck_out.service.factory.ChambreReservationFinder,com.api.apicheck_incheck_out.service.factory.ChambreReservationFilter]",true,25,4,0,0,0,1,0,6,0,0,4,0,0,0,0,0,0,0,0,0,4,0,0,0,0,0,9,1,0,false
C:\Users\DELL PRO\Desktop\mini_projet\CheckInOutAPI-Hotel-Reservation-Management-main\src\main\java\com\api\apicheck_incheck_out\service\impl\ChambreReservationServiceImpl.java,com.api.apicheck_incheck_out.service.impl.ChambreReservationServiceImpl,setChambreDisponible/1[java.lang.Long],false,56,1,1,0,1,1,1,3,0,0,1,1,0,0,0,0,0,0,0,0,0,0,0,0,0,0,6,1,0,false
C:\Users\DELL PRO\Desktop\mini_projet\CheckInOutAPI-Hotel-Reservation-Management-main\src\main\java\com\api\apicheck_incheck_out\service\impl\ChambreReservationServiceImpl.java,com.api.apicheck_incheck_out.service.impl.ChambreReservationServiceImpl,setChambreOccupee/1[java.lang.Long],false,51,1,1,0,1,1,1,3,0,0,1,1,0,0,0,0,0,0,0,0,0,0,0,0,0,0,6,1,0,false
C:\Users\DELL PRO\Desktop\mini_projet\CheckInOutAPI-Hotel-Reservation-Management-main\src\main\java\com\api\apicheck_incheck_out\service\impl\ChambreReservationServiceImpl.java,com.api.apicheck_incheck_out.service.impl.ChambreReservationServiceImpl,"findChambresDisponibles/5[java.lang.String,java.lang.String,java.lang.Integer,com.api.apicheck_incheck_out.enums.ChambreType,java.lang.String]",false,66,3,1,0,1,1,1,3,1,0,5,1,0,0,0,0,0,0,0,0,0,0,0,0,0,0,4,1,0,false
C:\Users\DELL PRO\Desktop\mini_projet\CheckInOutAPI-Hotel-Reservation-Management-main\src\main\java\com\api\apicheck_incheck_out\service\impl\UserServiceImpl.java,com.api.apicheck_incheck_out.service.impl.UserServiceImpl,verify/1[com.api.apicheck_incheck_out.dto.UserDto],false,141,6,2,0,2,2,7,8,2,2,1,7,0,0,0,0,0,0,1,0,2,0,1,0,0,0,10,1,0,false
C:\Users\DELL PRO\Desktop\mini_projet\CheckInOutAPI-Hotel-Reservation-Management-main\src\main\java\com\api\apicheck_incheck_out\service\impl\UserServiceImpl.java,com.api.apicheck_incheck_out.service.impl.UserServiceImpl,getReceptionists/0,false,77,3,1,0,1,2,6,9,2,1,0,6,0,0,0,0,0,0,0,0,1,0,1,0,0,0,3,1,0,false
C:\Users\DELL PRO\Desktop\mini_projet\CheckInOutAPI-Hotel-Reservation-Management-main\src\main\java\com\api\apicheck_incheck_out\service\impl\UserServiceImpl.java,com.api.apicheck_incheck_out.service.impl.UserServiceImpl,getUser/1[java.lang.Long],false,56,4,2,0,2,2,3,9,1,1,1,3,0,0,0,0,1,0,2,0,1,1,1,0,0,1,13,1,0,false
C:\Users\DELL PRO\Desktop\mini_projet\CheckInOutAPI-Hotel-Reservation-Management-main\src\main\java\com\api\apicheck_incheck_out\service\impl\UserServiceImpl.java,com.api.apicheck_incheck_out.service.impl.UserServiceImpl,getAdmins/0,false,136,2,1,0,1,1,1,3,1,0,0,1,0,0,0,0,0,0,0,0,0,0,0,0,0,0,2,1,0,false
C:\Users\DELL PRO\Desktop\mini_projet\CheckInOutAPI-Hotel-Reservation-Management-main\src\main\java\com\api\apicheck_incheck_out\service\impl\UserServiceImpl.java,com.api.apicheck_incheck_out.service.impl.UserServiceImpl,"updateUser/2[java.lang.Long,com.api.apicheck_incheck_out.dto.UserDto]",false,113,6,4,0,4,4,23,19,1,3,2,23,0,0,0,1,0,0,2,0,3,1,1,0,0,0,23,1,0,false
C:\Users\DELL PRO\Desktop\mini_projet\CheckInOutAPI-Hotel-Reservation-Management-main\src\main\java\com\api\apicheck_incheck_out\service\impl\UserServiceImpl.java,com.api.apicheck_incheck_out.service.impl.UserServiceImpl,register/1[com.api.apicheck_incheck_out.dto.UserDto],false,44,4,3,0,3,2,6,10,1,1,1,6,0,0,0,0,1,0,1,0,1,0,1,0,0,0,11,1,0,false
C:\Users\DELL PRO\Desktop\mini_projet\CheckInOutAPI-Hotel-Reservation-Management-main\src\main\java\com\api\apicheck_incheck_out\service\impl\UserServiceImpl.java,com.api.apicheck_incheck_out.service.impl.UserServiceImpl,getClients/0,false,91,3,1,0,1,2,6,9,2,1,0,6,0,0,0,0,0,0,0,0,1,0,1,0,0,0,3,1,0,false
C:\Users\DELL PRO\Desktop\mini_projet\CheckInOutAPI-Hotel-Reservation-Management-main\src\main\java\com\api\apicheck_incheck_out\service\impl\UserServiceImpl.java,com.api.apicheck_incheck_out.service.impl.UserServiceImpl,getAllUsers/0,false,66,2,0,0,0,2,6,5,2,1,0,6,0,0,0,0,0,0,0,0,1,0,1,0,0,0,4,1,0,false
C:\Users\DELL PRO\Desktop\mini_projet\CheckInOutAPI-Hotel-Reservation-Management-main\src\main\java\com\api\apicheck_incheck_out\service\impl\UserServiceImpl.java,com.api.apicheck_incheck_out.service.impl.UserServiceImpl,deleteUser/1[java.lang.Long],false,105,1,1,0,1,2,3,6,0,0,1,3,0,0,0,0,0,0,1,0,0,1,1,0,0,0,10,1,0,false
C:\Users\DELL PRO\Desktop\mini_projet\CheckInOutAPI-Hotel-Reservation-Management-main\src\main\java\com\api\apicheck_incheck_out\repository\CheckOutRepository.java,com.api.apicheck_incheck_out.repository.CheckOutRepository,findByReservation/1[com.api.apicheck_incheck_out.entity.Reservation],false,12,2,1,1,0,1,0,1,0,0,1,0,0,0,0,0,0,0,0,0,0,0,0,0,0,0,4,0,0,false
C:\Users\DELL PRO\Desktop\mini_projet\CheckInOutAPI-Hotel-Reservation-Management-main\src\main\java\com\api\apicheck_incheck_out\controller\ReservationController.java,com.api.apicheck_incheck_out.controller.ReservationController,getStats/0,false,107,3,1,0,1,1,2,4,1,1,0,2,0,0,0,0,0,0,1,0,1,0,0,0,0,0,3,1,0,false
C:\Users\DELL PRO\Desktop\mini_projet\CheckInOutAPI-Hotel-Reservation-Management-main\src\main\java\com\api\apicheck_incheck_out\controller\ReservationController.java,com.api.apicheck_incheck_out.controller.ReservationController,deleteReservation/1[java.lang.Long],false,63,4,1,0,1,1,3,4,1,0,1,3,0,0,0,0,0,0,1,0,0,0,0,0,0,0,4,1,0,false
C:\Users\DELL PRO\Desktop\mini_projet\CheckInOutAPI-Hotel-Reservation-Management-main\src\main\java\com\api\apicheck_incheck_out\controller\ReservationController.java,com.api.apicheck_incheck_out.controller.ReservationController,addReservation/1[com.api.apicheck_incheck_out.dto.ReservationRequestDTO],false,38,8,3,0,3,1,6,9,1,4,1,6,0,0,0,0,0,0,2,0,4,2,0,0,0,0,10,1,2,false
C:\Users\DELL PRO\Desktop\mini_projet\CheckInOutAPI-Hotel-Reservation-Management-main\src\main\java\com\api\apicheck_incheck_out\controller\ReservationController.java,com.api.apicheck_incheck_out.controller.ReservationController,getReservationById/1[java.lang.Long],false,52,7,2,0,2,1,3,4,1,1,1,3,0,0,0,0,0,0,1,0,1,0,0,0,0,0,7,1,0,false
C:\Users\DELL PRO\Desktop\mini_projet\CheckInOutAPI-Hotel-Reservation-Management-main\src\main\java\com\api\apicheck_incheck_out\controller\ReservationController.java,com.api.apicheck_incheck_out.controller.ReservationController,getReservationsParUser/1[java.lang.Long],false,69,6,1,0,1,1,5,5,1,2,1,5,0,0,0,0,0,0,1,0,2,0,0,0,0,0,10,1,0,false
C:\Users\DELL PRO\Desktop\mini_projet\CheckInOutAPI-Hotel-Reservation-Management-main\src\main\java\com\api\apicheck_incheck_out\controller\ReservationController.java,com.api.apicheck_incheck_out.controller.ReservationController,"ReservationController/3[com.api.apicheck_incheck_out.service.ReservationService,com.api.apicheck_incheck_out.mapper.ReservationMapper,com.api.apicheck_incheck_out.mapper.UserMapper]",true,32,3,0,0,0,1,0,5,0,0,3,0,0,0,0,0,0,0,0,0,3,0,0,0,0,0,6,1,0,false
C:\Users\DELL PRO\Desktop\mini_projet\CheckInOutAPI-Hotel-Reservation-Management-main\src\main\java\com\api\apicheck_incheck_out\controller\ReservationController.java,com.api.apicheck_incheck_out.controller.ReservationController,"searchReservations/4[java.lang.String,java.time.LocalDate,java.time.LocalDate,com.api.apicheck_incheck_out.enums.ReservationStatus]",false,84,7,1,0,1,1,4,4,1,1,4,4,0,0,0,0,0,0,1,0,1,0,0,0,0,0,11,1,0,false
C:\Users\DELL PRO\Desktop\mini_projet\CheckInOutAPI-Hotel-Reservation-Management-main\src\main\java\com\api\apicheck_incheck_out\controller\ReservationController.java,com.api.apicheck_incheck_out.controller.ReservationController,"updateReservationStatus/2[java.lang.Long,com.api.apicheck_incheck_out.enums.ReservationStatus]",false,58,9,2,0,2,1,3,4,1,1,2,3,0,0,0,0,0,0,1,0,1,0,0,0,0,0,7,1,0,false
C:\Users\DELL PRO\Desktop\mini_projet\CheckInOutAPI-Hotel-Reservation-Management-main\src\main\java\com\api\apicheck_incheck_out\controller\ReservationController.java,com.api.apicheck_incheck_out.controller.ReservationController,getReservationDetail/1[java.lang.Long],false,95,5,1,0,1,1,2,4,1,1,1,2,0,0,0,0,0,0,1,0,1,0,0,0,0,0,12,1,0,false
C:\Users\DELL PRO\Desktop\mini_projet\CheckInOutAPI-Hotel-Reservation-Management-main\src\main\java\com\api\apicheck_incheck_out\controller\ReservationController.java,com.api.apicheck_incheck_out.controller.ReservationController,getInfoUser/1[java.lang.Long],false,101,7,2,0,2,1,3,4,1,1,1,3,0,0,0,0,0,0,1,0,1,0,0,0,0,0,7,1,0,false
C:\Users\DELL PRO\Desktop\mini_projet\CheckInOutAPI-Hotel-Reservation-Management-main\src\main\java\com\api\apicheck_incheck_out\service\impl\EmailSenderService.java,com.api.apicheck_incheck_out.service.impl.EmailSenderService,EmailSenderService/1[com.api.apicheck_incheck_out.service.impl.JavaMailSender],true,18,1,0,0,0,1,0,3,0,0,1,0,0,0,0,0,0,0,0,0,1,0,0,0,0,0,6,1,0,false
C:\Users\DELL PRO\Desktop\mini_projet\CheckInOutAPI-Hotel-Reservation-Management-main\src\main\java\com\api\apicheck_incheck_out\service\impl\EmailSenderService.java,com.api.apicheck_incheck_out.service.impl.EmailSenderService,"sendEmail/3[java.lang.String,java.lang.String,java.lang.String]",false,22,1,2,2,0,1,6,9,0,1,3,6,0,0,0,0,0,0,1,0,1,1,0,0,0,0,12,1,1,false
C:\Users\DELL PRO\Desktop\mini_projet\CheckInOutAPI-Hotel-Reservation-Management-main\src\main\java\com\api\apicheck_incheck_out\exceptionhandling\InvalidCheckInStatusException.java,com.api.apicheck_incheck_out.exceptionhandling.InvalidCheckInStatusException,InvalidCheckInStatusException/1[java.lang.String],true,4,0,1,1,0,1,0,3,0,0,1,0,0,0,0,0,0,0,0,0,0,0,0,0,0,0,6,1,0,false
C:\Users\DELL PRO\Desktop\mini_projet\CheckInOutAPI-Hotel-Reservation-Management-main\src\main\java\com\api\apicheck_incheck_out\service\NotificationService.java,com.api.apicheck_incheck_out.service.NotificationService,getAllNotificationsByUser/1[java.lang.Long],false,9,1,1,1,0,1,0,1,0,0,1,0,0,0,0,0,0,0,0,0,0,0,0,0,0,0,7,1,0,false
C:\Users\DELL PRO\Desktop\mini_projet\CheckInOutAPI-Hotel-Reservation-Management-main\src\main\java\com\api\apicheck_incheck_out\service\NotificationService.java,com.api.apicheck_incheck_out.service.NotificationService,"notifier/2[java.lang.Long,java.lang.String]",false,8,1,7,7,0,1,0,1,0,0,2,0,0,0,0,0,0,0,0,0,0,0,0,0,0,0,4,1,0,false
C:\Users\DELL PRO\Desktop\mini_projet\CheckInOutAPI-Hotel-Reservation-Management-main\src\main\java\com\api\apicheck_incheck_out\service\NotificationService.java,com.api.apicheck_incheck_out.service.NotificationService,deleteNotification/1[java.lang.Long],false,10,0,1,1,0,1,0,1,0,0,1,0,0,0,0,0,0,0,0,0,0,0,0,0,0,0,4,1,0,false
C:\Users\DELL PRO\Desktop\mini_projet\CheckInOutAPI-Hotel-Reservation-Management-main\src\main\java\com\api\apicheck_incheck_out\service\UserService.java,com.api.apicheck_incheck_out.service.UserService,getAllUsers/0,false,11,1,1,1,0,1,0,1,0,0,0,0,0,0,0,0,0,0,0,0,0,0,0,0,0,0,3,0,0,false
C:\Users\DELL PRO\Desktop\mini_projet\CheckInOutAPI-Hotel-Reservation-Management-main\src\main\java\com\api\apicheck_incheck_out\service\UserService.java,com.api.apicheck_incheck_out.service.UserService,verify/1[com.api.apicheck_incheck_out.dto.UserDto],false,18,1,1,1,0,1,0,1,0,0,1,0,0,0,0,0,0,0,0,0,0,0,0,0,0,0,4,0,0,false
C:\Users\DELL PRO\Desktop\mini_projet\CheckInOutAPI-Hotel-Reservation-Management-main\src\main\java\com\api\apicheck_incheck_out\service\UserService.java,com.api.apicheck_incheck_out.service.UserService,getUser/1[java.lang.Long],false,10,1,1,1,0,1,0,1,0,0,1,0,0,0,0,0,0,0,0,0,0,0,0,0,0,0,5,0,0,false
C:\Users\DELL PRO\Desktop\mini_projet\CheckInOutAPI-Hotel-Reservation-Management-main\src\main\java\com\api\apicheck_incheck_out\service\UserService.java,com.api.apicheck_incheck_out.service.UserService,getReceptionists/0,false,12,1,3,3,0,1,0,1,0,0,0,0,0,0,0,0,0,0,0,0,0,0,0,0,0,0,2,0,0,false
C:\Users\DELL PRO\Desktop\mini_projet\CheckInOutAPI-Hotel-Reservation-Management-main\src\main\java\com\api\apicheck_incheck_out\service\UserService.java,com.api.apicheck_incheck_out.service.UserService,register/1[com.api.apicheck_incheck_out.dto.UserDto],false,14,1,1,1,0,1,0,1,0,0,1,0,0,0,0,0,0,0,0,0,0,0,0,0,0,0,4,0,0,false
C:\Users\DELL PRO\Desktop\mini_projet\CheckInOutAPI-Hotel-Reservation-Management-main\src\main\java\com\api\apicheck_incheck_out\service\UserService.java,com.api.apicheck_incheck_out.service.UserService,"updateUser/2[java.lang.Long,com.api.apicheck_incheck_out.dto.UserDto]",false,16,1,1,1,0,1,0,1,0,0,2,0,0,0,0,0,0,0,0,0,0,0,0,0,0,0,5,0,0,false
C:\Users\DELL PRO\Desktop\mini_projet\CheckInOutAPI-Hotel-Reservation-Management-main\src\main\java\com\api\apicheck_incheck_out\service\UserService.java,com.api.apicheck_incheck_out.service.UserService,getClients/0,false,13,1,1,1,0,1,0,1,0,0,0,0,0,0,0,0,0,0,0,0,0,0,0,0,0,0,2,0,0,false
C:\Users\DELL PRO\Desktop\mini_projet\CheckInOutAPI-Hotel-Reservation-Management-main\src\main\java\com\api\apicheck_incheck_out\service\UserService.java,com.api.apicheck_incheck_out.service.UserService,deleteUser/1[java.lang.Long],false,15,0,1,1,0,1,0,1,0,0,1,0,0,0,0,0,0,0,0,0,0,0,0,0,0,0,4,0,0,false
C:\Users\DELL PRO\Desktop\mini_projet\CheckInOutAPI-Hotel-Reservation-Management-main\src\main\java\com\api\apicheck_incheck_out\service\UserService.java,com.api.apicheck_incheck_out.service.UserService,getAdmins/0,false,17,1,2,2,0,1,0,1,0,0,0,0,0,0,0,0,0,0,0,0,0,0,0,0,0,0,2,0,0,false
C:\Users\DELL PRO\Desktop\mini_projet\CheckInOutAPI-Hotel-Reservation-Management-main\src\main\java\com\api\apicheck_incheck_out\exceptionhandling\UserNotFoundException.java,com.api.apicheck_incheck_out.exceptionhandling.UserNotFoundException,UserNotFoundException/1[java.lang.String],true,4,0,4,4,0,1,0,3,0,0,1,0,0,0,0,0,0,0,0,0,0,0,0,0,0,0,5,1,0,false
C:\Users\DELL PRO\Desktop\mini_projet\CheckInOutAPI-Hotel-Reservation-Management-main\src\main\java\com\api\apicheck_incheck_out\exceptionhandling\UserRegistrationException.java,com.api.apicheck_incheck_out.exceptionhandling.UserRegistrationException,"UserRegistrationException/2[java.lang.String,java.lang.Throwable]",true,4,0,1,1,0,1,0,3,0,0,2,0,0,0,0,0,0,0,0,0,0,0,0,0,0,0,4,1,0,false
C:\Users\DELL PRO\Desktop\mini_projet\CheckInOutAPI-Hotel-Reservation-Management-main\src\main\java\com\api\apicheck_incheck_out\exceptionhandling\InvalidReservationStatusException.java,com.api.apicheck_incheck_out.exceptionhandling.InvalidReservationStatusException,InvalidReservationStatusException/1[java.lang.String],true,4,0,1,1,0,1,0,3,0,0,1,0,0,0,0,0,0,0,0,0,0,0,0,0,0,0,5,1,0,false
C:\Users\DELL PRO\Desktop\mini_projet\CheckInOutAPI-Hotel-Reservation-Management-main\src\main\java\com\api\apicheck_incheck_out\service\factory\CheckInStatusManager.java,com.api.apicheck_incheck_out.service.factory.CheckInStatusManager,CheckInStatusManager/1[com.api.apicheck_incheck_out.repository.CheckInRepository],true,12,1,0,0,0,1,0,3,0,0,1,0,0,0,0,0,0,0,0,0,1,0,0,0,0,0,6,1,0,false
C:\Users\DELL PRO\Desktop\mini_projet\CheckInOutAPI-Hotel-Reservation-Management-main\src\main\java\com\api\apicheck_incheck_out\service\factory\CheckInStatusManager.java,com.api.apicheck_incheck_out.service.factory.CheckInStatusManager,"updateStatus/2[com.api.apicheck_incheck_out.entity.CheckIn,com.api.apicheck_incheck_out.enums.CheckInStatus]",false,15,2,2,2,0,1,2,4,0,0,2,2,0,0,0,0,0,0,0,0,0,0,0,0,0,0,6,1,0,false
C:\Users\DELL PRO\Desktop\mini_projet\CheckInOutAPI-Hotel-Reservation-Management-main\src\main\java\com\api\apicheck_incheck_out\service\factory\ReservationServicesSaver.java,com.api.apicheck_incheck_out.service.factory.ReservationServicesSaver,"saveNewServicesIfPresent/2[com.api.apicheck_incheck_out.entity.Reservation,java.util.List<com.api.apicheck_incheck_out.entity.ReservationServices>]",false,21,2,1,1,0,2,5,8,1,0,2,5,0,0,0,0,0,0,0,0,0,0,1,0,0,0,8,1,0,false
C:\Users\DELL PRO\Desktop\mini_projet\CheckInOutAPI-Hotel-Reservation-Management-main\src\main\java\com\api\apicheck_incheck_out\service\factory\ReservationServicesSaver.java,com.api.apicheck_incheck_out.service.factory.ReservationServicesSaver,"ReservationServicesSaver/2[com.api.apicheck_incheck_out.repository.ReservationRepository,com.api.apicheck_incheck_out.repository.ReservationServiceRepository]",true,16,2,0,0,0,1,0,4,0,0,2,0,0,0,0,0,0,0,0,0,2,0,0,0,0,0,6,1,0,false
C:\Users\DELL PRO\Desktop\mini_projet\CheckInOutAPI-Hotel-Reservation-Management-main\src\main\java\com\api\apicheck_incheck_out\controller\EmailSenderController.java,com.api.apicheck_incheck_out.controller.EmailSenderController,EmailSenderController/1[com.api.apicheck_incheck_out.service.impl.EmailSenderService],true,18,1,0,0,0,1,0,3,0,0,1,0,0,0,0,0,0,0,0,0,1,0,0,0,0,0,5,1,0,false
C:\Users\DELL PRO\Desktop\mini_projet\CheckInOutAPI-Hotel-Reservation-Management-main\src\main\java\com\api\apicheck_incheck_out\controller\EmailSenderController.java,com.api.apicheck_incheck_out.controller.EmailSenderController,"sendEmail/3[java.lang.String,java.lang.String,java.lang.String]",false,27,4,1,0,1,2,5,9,2,0,3,5,0,0,0,0,1,0,5,0,0,2,1,0,0,0,12,1,0,false
C:\Users\DELL PRO\Desktop\mini_projet\CheckInOutAPI-Hotel-Reservation-Management-main\src\main\java\com\api\apicheck_incheck_out\service\factory\ChambreReservationStatusManager.java,com.api.apicheck_incheck_out.service.factory.ChambreReservationStatusManager,setChambreOccupee/1[java.lang.Long],false,27,5,5,1,4,1,5,6,0,3,1,5,2,1,0,0,0,0,0,0,2,0,0,0,0,1,12,1,0,false
C:\Users\DELL PRO\Desktop\mini_projet\CheckInOutAPI-Hotel-Reservation-Management-main\src\main\java\com\api\apicheck_incheck_out\service\factory\ChambreReservationStatusManager.java,com.api.apicheck_incheck_out.service.factory.ChambreReservationStatusManager,"setChambreReserved/2[java.lang.Long,java.lang.Long]",false,63,5,5,1,4,1,4,6,0,2,2,4,2,1,0,0,0,0,0,0,2,0,0,0,0,0,12,1,0,false
C:\Users\DELL PRO\Desktop\mini_projet\CheckInOutAPI-Hotel-Reservation-Management-main\src\main\java\com\api\apicheck_incheck_out\service\factory\ChambreReservationStatusManager.java,com.api.apicheck_incheck_out.service.factory.ChambreReservationStatusManager,"updateChambreReservationStatus/3[com.api.apicheck_incheck_out.entity.ChambreReservation,com.api.apicheck_incheck_out.enums.ChambreStatut,com.api.apicheck_incheck_out.entity.Reservation]",false,44,3,3,3,0,1,3,5,0,0,3,3,0,0,0,0,0,0,0,0,0,0,0,0,0,0,7,2,0,false
C:\Users\DELL PRO\Desktop\mini_projet\CheckInOutAPI-Hotel-Reservation-Management-main\src\main\java\com\api\apicheck_incheck_out\service\factory\ChambreReservationStatusManager.java,com.api.apicheck_incheck_out.service.factory.ChambreReservationStatusManager,"ChambreReservationStatusManager/4[com.api.apicheck_incheck_out.repository.ChambreReservationRepository,com.api.apicheck_incheck_out.repository.ReservationRepository,com.api.apicheck_incheck_out.service.factory.ChambreReservationFinder,com.api.apicheck_incheck_out.service.factory.ReservationServicesFinder]",true,21,4,0,0,0,1,0,6,0,0,4,0,0,0,0,0,0,0,0,0,4,0,0,0,0,0,9,1,0,false
C:\Users\DELL PRO\Desktop\mini_projet\CheckInOutAPI-Hotel-Reservation-Management-main\src\main\java\com\api\apicheck_incheck_out\service\factory\ChambreReservationStatusManager.java,com.api.apicheck_incheck_out.service.factory.ChambreReservationStatusManager,"validateReservationsStatus/2[com.api.apicheck_incheck_out.entity.Reservation,com.api.apicheck_incheck_out.enums.ReservationStatus]",false,34,3,4,3,1,2,2,5,0,0,2,2,0,0,0,1,0,0,1,0,0,0,1,0,0,0,10,2,0,false
C:\Users\DELL PRO\Desktop\mini_projet\CheckInOutAPI-Hotel-Reservation-Management-main\src\main\java\com\api\apicheck_incheck_out\service\factory\ChambreReservationStatusManager.java,com.api.apicheck_incheck_out.service.factory.ChambreReservationStatusManager,setChambreDisponible/1[java.lang.Long],false,49,5,6,1,5,1,6,7,0,3,1,6,3,1,0,0,0,0,0,0,2,0,0,0,0,1,12,1,0,false
C:\Users\DELL PRO\Desktop\mini_projet\CheckInOutAPI-Hotel-Reservation-Management-main\src\main\java\com\api\apicheck_incheck_out\service\factory\ChambreReservationStatusManager.java,com.api.apicheck_incheck_out.service.factory.ChambreReservationStatusManager,"updateReservationStatus/2[com.api.apicheck_incheck_out.entity.Reservation,com.api.apicheck_incheck_out.enums.ReservationStatus]",false,59,2,1,1,0,1,2,4,0,0,2,2,0,0,0,0,0,0,0,0,0,0,0,0,0,0,5,1,0,false
C:\Users\DELL PRO\Desktop\mini_projet\CheckInOutAPI-Hotel-Reservation-Management-main\src\main\java\com\api\apicheck_incheck_out\security\CorsConfig.java,com.api.apicheck_incheck_out.security.CorsConfig,corsFilter/0,false,14,4,0,0,0,1,5,14,1,2,0,5,0,0,0,0,0,0,8,0,2,0,0,0,0,0,10,1,0,false
C:\Users\DELL PRO\Desktop\mini_projet\CheckInOutAPI-Hotel-Reservation-Management-main\src\main\java\com\api\apicheck_incheck_out\stripe\service\StripeService.java,com.api.apicheck_incheck_out.stripe.service.StripeService,checkoutServices/1[com.api.apicheck_incheck_out.stripe.CheckOutRequest],false,12,2,1,1,0,1,0,1,0,0,1,0,0,0,0,0,0,0,0,0,0,0,0,0,0,0,8,1,0,false
C:\Users\DELL PRO\Desktop\mini_projet\CheckInOutAPI-Hotel-Reservation-Management-main\src\main\java\com\api\apicheck_incheck_out\stripe\service\StripeService.java,com.api.apicheck_incheck_out.stripe.service.StripeService,"processPayment/3[double,java.lang.String,java.lang.String]",false,10,0,0,0,0,1,0,1,0,0,3,0,0,0,0,0,0,0,0,0,0,0,0,0,0,0,3,1,0,false
C:\Users\DELL PRO\Desktop\mini_projet\CheckInOutAPI-Hotel-Reservation-Management-main\src\main\java\com\api\apicheck_incheck_out\stripe\service\StripeService.java,com.api.apicheck_incheck_out.stripe.service.StripeService,createPaymentIntent/1[java.lang.Double],false,11,1,0,0,0,1,0,1,0,0,1,0,0,0,0,0,0,0,0,0,0,0,0,0,0,0,7,1,0,false
C:\Users\DELL PRO\Desktop\mini_projet\CheckInOutAPI-Hotel-Reservation-Management-main\src\main\java\com\api\apicheck_incheck_out\service\factory\ReservationConfirmationManager.java,com.api.apicheck_incheck_out.service.factory.ReservationConfirmationManager,confirmReservation/1[com.api.apicheck_incheck_out.entity.Reservation],false,31,2,5,2,3,1,3,5,0,0,1,3,3,1,0,0,0,0,0,0,0,0,0,0,0,0,8,1,0,false
C:\Users\DELL PRO\Desktop\mini_projet\CheckInOutAPI-Hotel-Reservation-Management-main\src\main\java\com\api\apicheck_incheck_out\service\factory\ReservationConfirmationManager.java,com.api.apicheck_incheck_out.service.factory.ReservationConfirmationManager,updateReservationServices/1[com.api.apicheck_incheck_out.entity.Reservation],false,52,2,1,1,0,1,9,5,0,3,1,9,0,0,0,0,0,0,0,0,1,0,0,0,0,2,5,2,0,false
C:\Users\DELL PRO\Desktop\mini_projet\CheckInOutAPI-Hotel-Reservation-Management-main\src\main\java\com\api\apicheck_incheck_out\service\factory\ReservationConfirmationManager.java,com.api.apicheck_incheck_out.service.factory.ReservationConfirmationManager,updateReservationStatus/1[com.api.apicheck_incheck_out.entity.Reservation],false,37,1,1,1,0,1,2,4,0,0,1,2,0,0,0,0,0,0,0,0,0,0,0,0,0,0,4,2,0,false
C:\Users\DELL PRO\Desktop\mini_projet\CheckInOutAPI-Hotel-Reservation-Management-main\src\main\java\com\api\apicheck_incheck_out\service\factory\ReservationConfirmationManager.java,com.api.apicheck_incheck_out.service.factory.ReservationConfirmationManager,updateChambreReservations/1[com.api.apicheck_incheck_out.entity.Reservation],false,42,2,1,1,0,1,9,5,0,3,1,9,0,0,0,0,0,0,0,0,1,0,0,0,0,2,7,2,0,false
C:\Users\DELL PRO\Desktop\mini_projet\CheckInOutAPI-Hotel-Reservation-Management-main\src\main\java\com\api\apicheck_incheck_out\service\factory\ReservationConfirmationManager.java,com.api.apicheck_incheck_out.service.factory.ReservationConfirmationManager,"ReservationConfirmationManager/3[com.api.apicheck_incheck_out.repository.ReservationRepository,com.api.apicheck_incheck_out.repository.ChambreReservationRepository,com.api.apicheck_incheck_out.repository.ReservationServiceRepository]",true,25,3,0,0,0,1,0,5,0,0,3,0,0,0,0,0,0,0,0,0,3,0,0,0,0,0,7,1,0,false
C:\Users\DELL PRO\Desktop\mini_projet\CheckInOutAPI-Hotel-Reservation-Management-main\src\main\java\com\api\apicheck_incheck_out\service\impl\ReservationServiceImpl.java,com.api.apicheck_incheck_out.service.impl.ReservationServiceImpl,existsById/1[java.lang.Long],false,213,0,0,0,0,1,1,3,1,0,1,1,0,0,0,0,0,0,0,0,0,0,0,0,0,0,5,1,0,false
C:\Users\DELL PRO\Desktop\mini_projet\CheckInOutAPI-Hotel-Reservation-Management-main\src\main\java\com\api\apicheck_incheck_out\service\impl\ReservationServiceImpl.java,com.api.apicheck_incheck_out.service.impl.ReservationServiceImpl,"ReservationServiceImpl/7[com.api.apicheck_incheck_out.repository.ReservationRepository,com.api.apicheck_incheck_out.mapper.ReservationMapper,com.api.apicheck_incheck_out.repository.ChambreRepository,com.api.apicheck_incheck_out.repository.ChambreReservationRepository,com.api.apicheck_incheck_out.mapper.ChambreMapper,com.api.apicheck_incheck_out.repository.CheckInRepository,com.api.apicheck_incheck_out.repository.CheckOutRepository]",true,35,7,0,0,0,1,0,9,0,0,7,0,0,0,0,0,0,0,0,0,7,0,0,0,0,0,10,1,0,false
C:\Users\DELL PRO\Desktop\mini_projet\CheckInOutAPI-Hotel-Reservation-Management-main\src\main\java\com\api\apicheck_incheck_out\service\impl\ReservationServiceImpl.java,com.api.apicheck_incheck_out.service.impl.ReservationServiceImpl,"updateReservationStatus/2[java.lang.Long,com.api.apicheck_incheck_out.enums.ReservationStatus]",false,79,5,1,0,1,4,12,20,1,4,2,12,0,0,1,1,0,0,2,0,4,2,3,0,0,1,22,1,0,false
C:\Users\DELL PRO\Desktop\mini_projet\CheckInOutAPI-Hotel-Reservation-Management-main\src\main\java\com\api\apicheck_incheck_out\service\impl\ReservationServiceImpl.java,com.api.apicheck_incheck_out.service.impl.ReservationServiceImpl,deleteReservation/1[java.lang.Long],false,110,1,1,0,1,2,2,8,0,0,1,2,0,0,0,0,0,0,1,0,0,1,1,0,0,0,9,1,0,false
C:\Users\DELL PRO\Desktop\mini_projet\CheckInOutAPI-Hotel-Reservation-Management-main\src\main\java\com\api\apicheck_incheck_out\service\impl\ReservationServiceImpl.java,com.api.apicheck_incheck_out.service.impl.ReservationServiceImpl,"addReservation/2[com.api.apicheck_incheck_out.entity.Reservation,java.util.List<java.lang.Long>]",false,46,6,2,0,2,3,11,17,1,4,2,11,0,0,1,0,0,0,2,0,4,1,1,0,0,1,27,1,0,false
C:\Users\DELL PRO\Desktop\mini_projet\CheckInOutAPI-Hotel-Reservation-Management-main\src\main\java\com\api\apicheck_incheck_out\service\impl\ReservationServiceImpl.java,com.api.apicheck_incheck_out.service.impl.ReservationServiceImpl,getReservationsByUserId/1[java.lang.Long],false,124,2,1,0,1,1,2,5,1,1,1,2,0,0,0,0,0,0,1,0,1,1,0,0,0,0,8,1,1,false
C:\Users\DELL PRO\Desktop\mini_projet\CheckInOutAPI-Hotel-Reservation-Management-main\src\main\java\com\api\apicheck_incheck_out\service\impl\ReservationServiceImpl.java,com.api.apicheck_incheck_out.service.impl.ReservationServiceImpl,getDashboardStats/0,false,224,0,0,0,0,1,2,7,1,1,0,2,0,0,0,0,0,0,3,0,1,0,0,0,0,0,4,1,0,false
C:\Users\DELL PRO\Desktop\mini_projet\CheckInOutAPI-Hotel-Reservation-Management-main\src\main\java\com\api\apicheck_incheck_out\service\impl\ReservationServiceImpl.java,com.api.apicheck_incheck_out.service.impl.ReservationServiceImpl,"searchReservations/4[java.lang.String,java.time.LocalDate,java.time.LocalDate,com.api.apicheck_incheck_out.enums.ReservationStatus]",false,131,2,0,0,0,6,19,17,1,6,4,19,0,0,0,8,0,4,0,0,6,0,1,0,0,4,11,1,0,false
C:\Users\DELL PRO\Desktop\mini_projet\CheckInOutAPI-Hotel-Reservation-Management-main\src\main\java\com\api\apicheck_incheck_out\service\impl\ReservationServiceImpl.java,com.api.apicheck_incheck_out.service.impl.ReservationServiceImpl,findUserByReservation/1[java.lang.Long],false,218,2,0,0,0,1,2,4,1,1,1,2,0,0,0,0,0,0,0,0,1,0,0,0,0,0,7,1,0,false
C:\Users\DELL PRO\Desktop\mini_projet\CheckInOutAPI-Hotel-Reservation-Management-main\src\main\java\com\api\apicheck_incheck_out\service\impl\ReservationServiceImpl.java,com.api.apicheck_incheck_out.service.impl.ReservationServiceImpl,getReservationDetail/1[java.lang.Long],false,174,8,2,0,2,1,22,8,1,7,1,22,0,0,0,0,0,0,1,0,5,1,0,0,0,3,21,1,0,false
C:\Users\DELL PRO\Desktop\mini_projet\CheckInOutAPI-Hotel-Reservation-Management-main\src\main\java\com\api\apicheck_incheck_out\service\impl\ReservationServiceImpl.java,com.api.apicheck_incheck_out.service.impl.ReservationServiceImpl,getReservationById/1[java.lang.Long],false,120,2,0,0,0,1,2,3,1,0,1,2,0,0,0,0,0,0,1,0,0,1,0,0,0,1,11,1,0,false
C:\Users\DELL PRO\Desktop\mini_projet\CheckInOutAPI-Hotel-Reservation-Management-main\src\main\java\com\api\apicheck_incheck_out\service\ServicesService.java,com.api.apicheck_incheck_out.service.ServicesService,addService/1[com.api.apicheck_incheck_out.entity.Services],false,11,1,1,1,0,1,0,1,0,0,1,0,0,0,0,0,0,0,0,0,0,0,0,0,0,0,4,1,0,false
C:\Users\DELL PRO\Desktop\mini_projet\CheckInOutAPI-Hotel-Reservation-Management-main\src\main\java\com\api\apicheck_incheck_out\service\ServicesService.java,com.api.apicheck_incheck_out.service.ServicesService,deleteService/1[java.lang.Long],false,13,1,1,1,0,1,0,1,0,0,1,0,0,0,0,0,0,0,0,0,0,0,0,0,0,0,6,1,0,false
C:\Users\DELL PRO\Desktop\mini_projet\CheckInOutAPI-Hotel-Reservation-Management-main\src\main\java\com\api\apicheck_incheck_out\service\ServicesService.java,com.api.apicheck_incheck_out.service.ServicesService,"updateService/2[java.lang.Long,com.api.apicheck_incheck_out.entity.Services]",false,12,1,1,1,0,1,0,1,0,0,2,0,0,0,0,0,0,0,0,0,0,0,0,0,0,0,5,1,0,false
C:\Users\DELL PRO\Desktop\mini_projet\CheckInOutAPI-Hotel-Reservation-Management-main\src\main\java\com\api\apicheck_incheck_out\service\ServicesService.java,com.api.apicheck_incheck_out.service.ServicesService,getAllServices/0,false,14,1,1,1,0,1,0,1,0,0,0,0,0,0,0,0,0,0,0,0,0,0,0,0,0,0,3,1,0,false
C:\Users\DELL PRO\Desktop\mini_projet\CheckInOutAPI-Hotel-Reservation-Management-main\src\main\java\com\api\apicheck_incheck_out\controller\CheckOutController.java,com.api.apicheck_incheck_out.controller.CheckOutController,getCheckOut/1[java.lang.Long],false,54,7,4,0,4,2,6,8,2,0,1,6,0,0,0,0,1,0,3,0,0,0,1,0,0,0,7,1,0,false
C:\Users\DELL PRO\Desktop\mini_projet\CheckInOutAPI-Hotel-Reservation-Management-main\src\main\java\com\api\apicheck_incheck_out\controller\CheckOutController.java,com.api.apicheck_incheck_out.controller.CheckOutController,addCheckOut/1[com.api.apicheck_incheck_out.dto.CheckOutDTO],false,82,8,5,0,5,2,7,9,2,1,1,7,0,0,0,0,1,0,1,0,1,0,1,0,0,0,12,1,0,false
C:\Users\DELL PRO\Desktop\mini_projet\CheckInOutAPI-Hotel-Reservation-Management-main\src\main\java\com\api\apicheck_incheck_out\controller\CheckOutController.java,com.api.apicheck_incheck_out.controller.CheckOutController,payer/1[java.lang.Long],false,105,4,1,0,1,1,1,3,1,0,1,1,0,0,0,0,0,0,2,0,0,0,0,0,0,0,6,1,0,false
C:\Users\DELL PRO\Desktop\mini_projet\CheckInOutAPI-Hotel-Reservation-Management-main\src\main\java\com\api\apicheck_incheck_out\controller\CheckOutController.java,com.api.apicheck_incheck_out.controller.CheckOutController,getCheckOuts/0,false,43,7,4,0,4,2,6,9,2,1,0,6,0,0,0,0,1,0,2,0,1,1,1,0,0,0,12,1,0,false
C:\Users\DELL PRO\Desktop\mini_projet\CheckInOutAPI-Hotel-Reservation-Management-main\src\main\java\com\api\apicheck_incheck_out\controller\CheckOutController.java,com.api.apicheck_incheck_out.controller.CheckOutController,handlePaymentSuccess/1[java.lang.Long],false,110,4,1,0,1,2,5,11,0,0,1,5,0,0,0,0,1,0,5,0,0,3,1,0,0,0,17,1,3,false
C:\Users\DELL PRO\Desktop\mini_projet\CheckInOutAPI-Hotel-Reservation-Management-main\src\main\java\com\api\apicheck_incheck_out\controller\CheckOutController.java,com.api.apicheck_incheck_out.controller.CheckOutController,getAmount/1[java.lang.Long],false,100,3,1,0,1,1,1,3,1,0,1,1,0,0,0,0,0,0,2,0,0,0,0,0,0,0,5,1,0,false
C:\Users\DELL PRO\Desktop\mini_projet\CheckInOutAPI-Hotel-Reservation-Management-main\src\main\java\com\api\apicheck_incheck_out\controller\CheckOutController.java,com.api.apicheck_incheck_out.controller.CheckOutController,afficherFactureDansNavigateur/1[java.lang.Long],false,131,11,3,0,3,1,14,7,1,4,1,14,0,0,0,0,0,0,4,0,4,1,0,0,0,1,22,1,0,false
C:\Users\DELL PRO\Desktop\mini_projet\CheckInOutAPI-Hotel-Reservation-Management-main\src\main\java\com\api\apicheck_incheck_out\controller\CheckOutController.java,com.api.apicheck_incheck_out.controller.CheckOutController,"setCheckOutStatus/2[java.lang.Long,java.lang.String]",false,93,9,4,0,4,1,4,5,1,2,2,4,0,0,0,0,0,0,4,0,2,0,0,0,0,0,14,1,0,false
C:\Users\DELL PRO\Desktop\mini_projet\CheckInOutAPI-Hotel-Reservation-Management-main\src\main\java\com\api\apicheck_incheck_out\controller\CheckOutController.java,com.api.apicheck_incheck_out.controller.CheckOutController,checkoutsForToday/1[java.time.LocalDate],false,122,7,1,0,1,1,5,5,1,2,1,5,0,0,0,0,0,0,2,0,2,0,0,0,0,0,9,1,0,false
C:\Users\DELL PRO\Desktop\mini_projet\CheckInOutAPI-Hotel-Reservation-Management-main\src\main\java\com\api\apicheck_incheck_out\controller\CheckOutController.java,com.api.apicheck_incheck_out.controller.CheckOutController,getCheckOutByReservation/1[java.lang.Long],false,63,9,5,0,5,3,7,19,3,3,1,7,0,0,0,1,0,0,7,0,3,2,2,0,0,0,21,1,3,false
C:\Users\DELL PRO\Desktop\mini_projet\CheckInOutAPI-Hotel-Reservation-Management-main\src\main\java\com\api\apicheck_incheck_out\mapper\CheckInMapper.java,com.api.apicheck_incheck_out.mapper.CheckInMapper,toDTO/1[com.api.apicheck_incheck_out.entity.CheckIn],false,10,2,2,1,1,4,10,12,2,1,1,10,0,0,0,3,0,0,0,0,1,0,1,0,0,0,9,1,0,false
C:\Users\DELL PRO\Desktop\mini_projet\CheckInOutAPI-Hotel-Reservation-Management-main\src\main\java\com\api\apicheck_incheck_out\repository\ReservationServiceRepository.java,com.api.apicheck_incheck_out.repository.ReservationServiceRepository,"findByReservationAndPhase/2[java.lang.Long,com.api.apicheck_incheck_out.enums.PhaseAjoutService]",false,18,4,2,2,0,1,0,1,0,0,2,0,0,0,0,0,0,0,3,0,0,0,0,0,0,0,21,0,0,false
C:\Users\DELL PRO\Desktop\mini_projet\CheckInOutAPI-Hotel-Reservation-Management-main\src\main\java\com\api\apicheck_incheck_out\repository\ReservationServiceRepository.java,com.api.apicheck_incheck_out.repository.ReservationServiceRepository,getRsrvServicesSejourUnpaid/1[java.lang.Long],false,23,3,1,1,0,1,0,1,0,0,1,0,0,0,0,0,0,0,5,0,0,1,0,0,0,0,14,0,0,false
C:\Users\DELL PRO\Desktop\mini_projet\CheckInOutAPI-Hotel-Reservation-Management-main\src\main\java\com\api\apicheck_incheck_out\repository\ReservationServiceRepository.java,com.api.apicheck_incheck_out.repository.ReservationServiceRepository,findByReservationId/1[java.lang.Long],false,15,1,1,1,0,1,0,1,0,0,1,0,0,0,0,0,0,0,0,0,0,0,0,0,0,0,6,0,0,false
C:\Users\DELL PRO\Desktop\mini_projet\CheckInOutAPI-Hotel-Reservation-Management-main\src\main\java\com\api\apicheck_incheck_out\repository\ReservationServiceRepository.java,com.api.apicheck_incheck_out.repository.ReservationServiceRepository,"findByReservationAndService/2[com.api.apicheck_incheck_out.entity.Reservation,com.api.apicheck_incheck_out.entity.Services]",false,16,3,0,0,0,1,0,1,0,0,2,0,0,0,0,0,0,0,0,0,0,0,0,0,0,0,6,0,0,false
C:\Users\DELL PRO\Desktop\mini_projet\CheckInOutAPI-Hotel-Reservation-Management-main\src\main\java\com\api\apicheck_incheck_out\service\CheckInService.java,com.api.apicheck_incheck_out.service.CheckInService,"ajoutercheckinReception/2[java.lang.Long,com.api.apicheck_incheck_out.entity.DocumentScan]",false,22,1,1,1,0,1,0,1,0,0,2,0,0,0,0,0,0,0,0,0,0,0,0,0,0,0,5,1,0,false
C:\Users\DELL PRO\Desktop\mini_projet\CheckInOutAPI-Hotel-Reservation-Management-main\src\main\java\com\api\apicheck_incheck_out\service\CheckInService.java,com.api.apicheck_incheck_out.service.CheckInService,checkinsForToday/1[java.time.LocalDate],false,16,1,1,1,0,1,0,1,0,0,1,0,0,0,0,0,0,0,0,0,0,0,0,0,0,0,6,1,0,false
C:\Users\DELL PRO\Desktop\mini_projet\CheckInOutAPI-Hotel-Reservation-Management-main\src\main\java\com\api\apicheck_incheck_out\service\CheckInService.java,com.api.apicheck_incheck_out.service.CheckInService,getCheckInByReservation/1[java.lang.Long],false,19,1,1,1,0,1,0,1,0,0,1,0,0,0,0,0,0,0,0,0,0,0,0,0,0,0,7,1,0,false
C:\Users\DELL PRO\Desktop\mini_projet\CheckInOutAPI-Hotel-Reservation-Management-main\src\main\java\com\api\apicheck_incheck_out\service\CheckInService.java,com.api.apicheck_incheck_out.service.CheckInService,getStatusCheckIn/1[java.lang.Long],false,20,1,1,1,0,1,0,1,0,0,1,0,0,0,0,0,0,0,0,0,0,0,0,0,0,0,7,1,0,false
C:\Users\DELL PRO\Desktop\mini_projet\CheckInOutAPI-Hotel-Reservation-Management-main\src\main\java\com\api\apicheck_incheck_out\service\CheckInService.java,com.api.apicheck_incheck_out.service.CheckInService,getDocumentByCheckin/1[java.lang.Long],false,14,1,1,1,0,1,0,1,0,0,1,0,0,0,0,0,0,0,0,0,0,0,0,0,0,0,7,1,0,false
C:\Users\DELL PRO\Desktop\mini_projet\CheckInOutAPI-Hotel-Reservation-Management-main\src\main\java\com\api\apicheck_incheck_out\service\CheckInService.java,com.api.apicheck_incheck_out.service.CheckInService,validerCheckinReception/1[java.lang.Long],false,21,0,1,1,0,1,0,1,0,0,1,0,0,0,0,0,0,0,0,0,0,0,0,0,0,0,5,1,0,false
C:\Users\DELL PRO\Desktop\mini_projet\CheckInOutAPI-Hotel-Reservation-Management-main\src\main\java\com\api\apicheck_incheck_out\service\CheckInService.java,com.api.apicheck_incheck_out.service.CheckInService,"validerScan/2[com.api.apicheck_incheck_out.entity.Reservation,com.api.apicheck_incheck_out.dto.DocumentScanDTO]",false,13,2,1,1,0,1,0,1,0,0,2,0,0,0,0,0,0,0,0,0,0,0,0,0,0,0,5,1,0,false
C:\Users\DELL PRO\Desktop\mini_projet\CheckInOutAPI-Hotel-Reservation-Management-main\src\main\java\com\api\apicheck_incheck_out\service\CheckInService.java,com.api.apicheck_incheck_out.service.CheckInService,validerCheckIn/1[com.api.apicheck_incheck_out.entity.Reservation],false,17,1,1,1,0,1,0,1,0,0,1,0,0,0,0,0,0,0,0,0,0,0,0,0,0,0,6,0,0,false
C:\Users\DELL PRO\Desktop\mini_projet\CheckInOutAPI-Hotel-Reservation-Management-main\src\main\java\com\api\apicheck_incheck_out\exceptionhandling\PDFGenerationException.java,com.api.apicheck_incheck_out.exceptionhandling.PDFGenerationException,"PDFGenerationException/2[java.lang.String,java.lang.Throwable]",true,4,0,2,2,0,1,0,3,0,0,2,0,0,0,0,0,0,0,0,0,0,0,0,0,0,0,6,1,0,false
C:\Users\DELL PRO\Desktop\mini_projet\CheckInOutAPI-Hotel-Reservation-Management-main\src\main\java\com\api\apicheck_incheck_out\service\factory\ReservationServicesCreator.java,com.api.apicheck_incheck_out.service.factory.ReservationServicesCreator,"createReservationService/3[com.api.apicheck_incheck_out.entity.Reservation,java.lang.Long,com.api.apicheck_incheck_out.enums.PhaseAjoutService]",false,26,5,3,2,1,1,6,9,1,2,3,6,0,0,0,0,0,0,1,0,2,1,0,0,0,1,13,1,0,false
C:\Users\DELL PRO\Desktop\mini_projet\CheckInOutAPI-Hotel-Reservation-Management-main\src\main\java\com\api\apicheck_incheck_out\service\factory\ReservationServicesCreator.java,com.api.apicheck_incheck_out.service.factory.ReservationServicesCreator,"createNewReservationServices/2[com.api.apicheck_incheck_out.entity.Reservation,java.util.List<java.lang.Long>]",false,43,4,3,1,2,1,7,4,1,3,2,7,1,1,0,0,0,0,0,0,1,0,0,0,0,2,10,1,0,false
C:\Users\DELL PRO\Desktop\mini_projet\CheckInOutAPI-Hotel-Reservation-Management-main\src\main\java\com\api\apicheck_incheck_out\service\factory\ReservationServicesCreator.java,com.api.apicheck_incheck_out.service.factory.ReservationServicesCreator,"ReservationServicesCreator/2[com.api.apicheck_incheck_out.repository.ServiceRepository,com.api.apicheck_incheck_out.service.factory.ReservationServicesFinder]",true,21,2,0,0,0,1,0,4,0,0,2,0,0,0,0,0,0,0,0,0,2,0,0,0,0,0,8,1,0,false
C:\Users\DELL PRO\Desktop\mini_projet\CheckInOutAPI-Hotel-Reservation-Management-main\src\main\java\com\api\apicheck_incheck_out\exceptionhandling\CheckOutNotFoundException.java,com.api.apicheck_incheck_out.exceptionhandling.CheckOutNotFoundException,CheckOutNotFoundException/1[java.lang.String],true,4,0,1,1,0,1,0,3,0,0,1,0,0,0,0,0,0,0,0,0,0,0,0,0,0,0,6,1,0,false
C:\Users\DELL PRO\Desktop\mini_projet\CheckInOutAPI-Hotel-Reservation-Management-main\src\main\java\com\api\apicheck_incheck_out\service\factory\DocumentScanFactory.java,com.api.apicheck_incheck_out.service.factory.DocumentScanFactory,DocumentScanFactory/1[com.api.apicheck_incheck_out.repository.DocumentScanRepository],true,12,1,0,0,0,1,0,3,0,0,1,0,0,0,0,0,0,0,0,0,1,0,0,0,0,0,5,1,0,false
C:\Users\DELL PRO\Desktop\mini_projet\CheckInOutAPI-Hotel-Reservation-Management-main\src\main\java\com\api\apicheck_incheck_out\service\factory\DocumentScanFactory.java,com.api.apicheck_incheck_out.service.factory.DocumentScanFactory,createAndSave/1[com.api.apicheck_incheck_out.dto.DocumentScanDTO],false,16,2,2,1,1,1,17,12,1,1,1,17,0,0,0,0,0,0,0,0,1,0,0,0,0,0,10,1,0,false
C:\Users\DELL PRO\Desktop\mini_projet\CheckInOutAPI-Hotel-Reservation-Management-main\src\main\java\com\api\apicheck_incheck_out\exceptionhandling\NotificationNotFoundException.java,com.api.apicheck_incheck_out.exceptionhandling.NotificationNotFoundException,NotificationNotFoundException/1[java.lang.String],true,4,0,1,1,0,1,0,3,0,0,1,0,0,0,0,0,0,0,0,0,0,0,0,0,0,0,5,1,0,false
C:\Users\DELL PRO\Desktop\mini_projet\CheckInOutAPI-Hotel-Reservation-Management-main\src\main\java\com\api\apicheck_incheck_out\controller\ChambreReservationController.java,com.api.apicheck_incheck_out.controller.ChambreReservationController,setChambreDisponible/1[java.lang.Long],false,45,4,1,0,1,1,1,4,1,0,1,1,0,0,0,0,0,0,1,0,0,0,0,0,0,0,6,1,0,false
C:\Users\DELL PRO\Desktop\mini_projet\CheckInOutAPI-Hotel-Reservation-Management-main\src\main\java\com\api\apicheck_incheck_out\controller\ChambreReservationController.java,com.api.apicheck_incheck_out.controller.ChambreReservationController,getChambresDisponibles/0,false,28,5,1,0,1,1,4,5,1,2,0,4,0,0,0,0,0,0,1,0,2,0,0,0,0,0,9,1,0,false
C:\Users\DELL PRO\Desktop\mini_projet\CheckInOutAPI-Hotel-Reservation-Management-main\src\main\java\com\api\apicheck_incheck_out\controller\ChambreReservationController.java,com.api.apicheck_incheck_out.controller.ChambreReservationController,"getChambresDisponiblesAvecFiltre/5[java.lang.String,java.lang.String,java.lang.Integer,com.api.apicheck_incheck_out.enums.ChambreType,java.lang.String]",false,72,7,1,0,1,1,4,5,1,2,5,4,0,0,0,0,0,0,1,0,2,0,0,0,0,0,18,1,0,false
C:\Users\DELL PRO\Desktop\mini_projet\CheckInOutAPI-Hotel-Reservation-Management-main\src\main\java\com\api\apicheck_incheck_out\controller\ChambreReservationController.java,com.api.apicheck_incheck_out.controller.ChambreReservationController,"ChambreReservationController/2[com.api.apicheck_incheck_out.service.ChambreReservationService,com.api.apicheck_incheck_out.mapper.ChambreMapper]",true,22,2,0,0,0,1,0,4,0,0,2,0,0,0,0,0,0,0,0,0,2,0,0,0,0,0,6,1,0,false
C:\Users\DELL PRO\Desktop\mini_projet\CheckInOutAPI-Hotel-Reservation-Management-main\src\main\java\com\api\apicheck_incheck_out\controller\ChambreReservationController.java,com.api.apicheck_incheck_out.controller.ChambreReservationController,getChambresByReservation/1[java.lang.Long],false,51,6,1,0,1,1,4,5,1,2,1,4,0,0,0,0,0,0,1,0,2,0,0,0,0,0,13,1,0,false
C:\Users\DELL PRO\Desktop\mini_projet\CheckInOutAPI-Hotel-Reservation-Management-main\src\main\java\com\api\apicheck_incheck_out\controller\ChambreReservationController.java,com.api.apicheck_incheck_out.controller.ChambreReservationController,"setChambreReserved/2[java.lang.Long,java.lang.Long]",false,61,5,1,0,1,1,1,4,1,0,2,1,0,0,0,0,0,0,1,0,0,0,0,0,0,0,6,1,0,false
C:\Users\DELL PRO\Desktop\mini_projet\CheckInOutAPI-Hotel-Reservation-Management-main\src\main\java\com\api\apicheck_incheck_out\controller\ChambreReservationController.java,com.api.apicheck_incheck_out.controller.ChambreReservationController,setChambreOccupee/1[java.lang.Long],false,39,4,1,0,1,1,1,4,1,0,1,1,0,0,0,0,0,0,1,0,0,0,0,0,0,0,6,1,0,false
C:\Users\DELL PRO\Desktop\mini_projet\CheckInOutAPI-Hotel-Reservation-Management-main\src\main\java\com\api\apicheck_incheck_out\service\DocumentScanService.java,com.api.apicheck_incheck_out.service.DocumentScanService,uploadDocScan/1[com.api.apicheck_incheck_out.service.MultipartFile],false,7,2,0,0,0,1,0,1,0,0,1,0,0,0,0,0,0,0,0,0,0,0,0,0,0,0,10,1,0,false
C:\Users\DELL PRO\Desktop\mini_projet\CheckInOutAPI-Hotel-Reservation-Management-main\src\main\java\com\api\apicheck_incheck_out\service\impl\CheckInServiceImpl.java,com.api.apicheck_incheck_out.service.impl.CheckInServiceImpl,getCheckInByReservation/1[java.lang.Long],false,103,2,1,0,1,1,1,3,1,0,1,1,0,0,0,0,0,0,0,0,0,0,0,0,0,0,7,1,0,false
C:\Users\DELL PRO\Desktop\mini_projet\CheckInOutAPI-Hotel-Reservation-Management-main\src\main\java\com\api\apicheck_incheck_out\service\impl\CheckInServiceImpl.java,com.api.apicheck_incheck_out.service.impl.CheckInServiceImpl,getStatusCheckIn/1[java.lang.Long],false,108,5,2,0,2,1,3,5,1,2,1,3,0,0,0,0,0,0,0,0,2,0,0,0,0,0,9,1,0,false
C:\Users\DELL PRO\Desktop\mini_projet\CheckInOutAPI-Hotel-Reservation-Management-main\src\main\java\com\api\apicheck_incheck_out\service\impl\CheckInServiceImpl.java,com.api.apicheck_incheck_out.service.impl.CheckInServiceImpl,checkinsForToday/1[java.time.LocalDate],false,98,2,1,0,1,1,1,3,1,0,1,1,0,0,0,0,0,0,0,0,0,0,0,0,0,0,6,1,0,false
C:\Users\DELL PRO\Desktop\mini_projet\CheckInOutAPI-Hotel-Reservation-Management-main\src\main\java\com\api\apicheck_incheck_out\service\impl\CheckInServiceImpl.java,com.api.apicheck_incheck_out.service.impl.CheckInServiceImpl,"CheckInServiceImpl/11[com.api.apicheck_incheck_out.service.factory.CheckInFinder,com.api.apicheck_incheck_out.service.factory.DocumentScanValidator,com.api.apicheck_incheck_out.service.factory.DocumentScanFactory,com.api.apicheck_incheck_out.service.factory.CheckInFactory,com.api.apicheck_incheck_out.service.factory.CheckInValidator,com.api.apicheck_incheck_out.service.factory.CheckInStatusManager,com.api.apicheck_incheck_out.service.factory.CheckInNotificationManager,com.api.apicheck_incheck_out.service.factory.ReservationConfirmationManager,com.api.apicheck_incheck_out.service.factory.ReservationServicesFinder,com.api.apicheck_incheck_out.service.FactureService,com.api.apicheck_incheck_out.repository.DocumentScanRepository]",true,46,11,0,0,0,1,0,13,0,0,11,0,0,0,0,0,0,0,0,0,11,0,0,0,0,0,17,1,0,false
C:\Users\DELL PRO\Desktop\mini_projet\CheckInOutAPI-Hotel-Reservation-Management-main\src\main\java\com\api\apicheck_incheck_out\service\impl\CheckInServiceImpl.java,com.api.apicheck_incheck_out.service.impl.CheckInServiceImpl,validerCheckinReception/1[java.lang.Long],false,115,7,6,0,6,1,9,8,0,2,1,9,0,0,0,0,0,0,0,0,2,0,0,0,0,0,10,1,0,false
C:\Users\DELL PRO\Desktop\mini_projet\CheckInOutAPI-Hotel-Reservation-Management-main\src\main\java\com\api\apicheck_incheck_out\service\impl\CheckInServiceImpl.java,com.api.apicheck_incheck_out.service.impl.CheckInServiceImpl,validerCheckIn/1[com.api.apicheck_incheck_out.entity.Reservation],false,79,8,7,0,7,1,9,10,1,1,1,9,0,0,0,0,0,0,0,0,1,0,0,0,0,0,8,1,0,false
C:\Users\DELL PRO\Desktop\mini_projet\CheckInOutAPI-Hotel-Reservation-Management-main\src\main\java\com\api\apicheck_incheck_out\service\impl\CheckInServiceImpl.java,com.api.apicheck_incheck_out.service.impl.CheckInServiceImpl,"validerScan/2[com.api.apicheck_incheck_out.entity.Reservation,com.api.apicheck_incheck_out.dto.DocumentScanDTO]",false,61,7,4,0,4,1,6,7,1,1,2,6,0,0,0,0,0,0,0,0,1,0,0,0,0,0,8,1,0,false
C:\Users\DELL PRO\Desktop\mini_projet\CheckInOutAPI-Hotel-Reservation-Management-main\src\main\java\com\api\apicheck_incheck_out\service\impl\CheckInServiceImpl.java,com.api.apicheck_incheck_out.service.impl.CheckInServiceImpl,"ajoutercheckinReception/2[java.lang.Long,com.api.apicheck_incheck_out.entity.DocumentScan]",false,132,7,5,0,5,1,7,8,0,1,2,7,0,0,0,0,0,0,0,0,1,0,0,0,0,0,8,1,0,false
C:\Users\DELL PRO\Desktop\mini_projet\CheckInOutAPI-Hotel-Reservation-Management-main\src\main\java\com\api\apicheck_incheck_out\service\impl\CheckInServiceImpl.java,com.api.apicheck_incheck_out.service.impl.CheckInServiceImpl,getDocumentByCheckin/1[java.lang.Long],false,73,3,1,0,1,1,2,4,1,1,1,2,0,0,0,0,0,0,0,0,1,0,0,0,0,0,10,1,0,false
C:\Users\DELL PRO\Desktop\mini_projet\CheckInOutAPI-Hotel-Reservation-Management-main\src\main\java\com\api\apicheck_incheck_out\service\FactureService.java,com.api.apicheck_incheck_out.service.FactureService,payerFactureCheckInCache/1[com.api.apicheck_incheck_out.entity.Reservation],false,15,1,2,2,0,1,0,1,0,0,1,0,0,0,0,0,0,0,0,0,0,0,0,0,0,0,7,1,0,false
C:\Users\DELL PRO\Desktop\mini_projet\CheckInOutAPI-Hotel-Reservation-Management-main\src\main\java\com\api\apicheck_incheck_out\service\FactureService.java,com.api.apicheck_incheck_out.service.FactureService,calculerMontantCheckIn/1[com.api.apicheck_incheck_out.entity.Reservation],false,11,1,1,1,0,1,0,1,0,0,1,0,0,0,0,0,0,0,0,0,0,0,0,0,0,0,6,1,0,false
C:\Users\DELL PRO\Desktop\mini_projet\CheckInOutAPI-Hotel-Reservation-Management-main\src\main\java\com\api\apicheck_incheck_out\service\FactureService.java,com.api.apicheck_incheck_out.service.FactureService,"validerPaiementCheckOut/2[com.api.apicheck_incheck_out.entity.Reservation,double]",false,16,2,1,1,0,1,0,1,0,0,2,0,0,0,0,0,0,0,0,0,0,0,0,0,0,0,7,1,0,false
C:\Users\DELL PRO\Desktop\mini_projet\CheckInOutAPI-Hotel-Reservation-Management-main\src\main\java\com\api\apicheck_incheck_out\service\FactureService.java,com.api.apicheck_incheck_out.service.FactureService,payerFactureCheckIn/1[com.api.apicheck_incheck_out.entity.Reservation],false,10,1,1,1,0,1,0,1,0,0,1,0,0,0,0,0,0,0,0,0,0,0,0,0,0,0,6,0,0,false
C:\Users\DELL PRO\Desktop\mini_projet\CheckInOutAPI-Hotel-Reservation-Management-main\src\main\java\com\api\apicheck_incheck_out\service\FactureService.java,com.api.apicheck_incheck_out.service.FactureService,payerFactureCheckIn/1[com.api.apicheck_incheck_out.dto.PaiementRequestDTO],false,13,1,1,1,0,1,0,1,0,0,1,0,0,0,0,0,0,0,0,0,0,0,0,0,0,0,11,1,0,false
C:\Users\DELL PRO\Desktop\mini_projet\CheckInOutAPI-Hotel-Reservation-Management-main\src\main\java\com\api\apicheck_incheck_out\service\FactureService.java,com.api.apicheck_incheck_out.service.FactureService,validerPaiementStripe/1[com.api.apicheck_incheck_out.dto.PaiementRequestDTO],false,14,1,0,0,0,1,0,1,0,0,1,0,0,0,0,0,0,0,0,0,0,0,0,0,0,0,8,1,0,false
C:\Users\DELL PRO\Desktop\mini_projet\CheckInOutAPI-Hotel-Reservation-Management-main\src\main\java\com\api\apicheck_incheck_out\service\impl\DocumentScanServiceImpl.java,com.api.apicheck_incheck_out.service.impl.DocumentScanServiceImpl,uploadDocScan/1[com.api.apicheck_incheck_out.service.impl.MultipartFile],false,25,10,1,0,1,2,5,26,1,8,1,5,0,0,0,0,1,0,3,0,8,0,1,1,0,0,42,1,0,false
C:\Users\DELL PRO\Desktop\mini_projet\CheckInOutAPI-Hotel-Reservation-Management-main\src\main\java\com\api\apicheck_incheck_out\repository\ReservationRepository.java,com.api.apicheck_incheck_out.repository.ReservationRepository,findByUserId/1[java.lang.Long],false,15,1,1,1,0,1,0,1,0,0,1,0,0,0,0,0,0,0,0,0,0,0,0,0,0,0,6,0,0,false
C:\Users\DELL PRO\Desktop\mini_projet\CheckInOutAPI-Hotel-Reservation-Management-main\src\main\java\com\api\apicheck_incheck_out\repository\ReservationRepository.java,com.api.apicheck_incheck_out.repository.ReservationRepository,findByDateDebut/1[java.time.LocalDate],false,21,3,1,1,0,1,0,1,0,0,1,0,0,0,0,0,0,0,2,0,0,0,0,0,0,0,15,0,0,false
C:\Users\DELL PRO\Desktop\mini_projet\CheckInOutAPI-Hotel-Reservation-Management-main\src\main\java\com\api\apicheck_incheck_out\repository\ReservationRepository.java,com.api.apicheck_incheck_out.repository.ReservationRepository,findByDateFin/1[java.time.LocalDate],false,16,3,1,1,0,1,0,1,0,0,1,0,0,0,0,0,0,0,3,0,0,1,0,0,0,0,15,0,0,false
C:\Users\DELL PRO\Desktop\mini_projet\CheckInOutAPI-Hotel-Reservation-Management-main\src\main\java\com\api\apicheck_incheck_out\service\factory\CheckInNotificationManager.java,com.api.apicheck_incheck_out.service.factory.CheckInNotificationManager,"notifyUserReservationConfirmed/2[java.lang.Long,java.lang.Long]",false,29,1,3,2,1,1,1,3,0,0,2,1,0,0,0,0,0,0,1,0,0,1,0,0,0,0,8,1,0,false
C:\Users\DELL PRO\Desktop\mini_projet\CheckInOutAPI-Hotel-Reservation-Management-main\src\main\java\com\api\apicheck_incheck_out\service\factory\CheckInNotificationManager.java,com.api.apicheck_incheck_out.service.factory.CheckInNotificationManager,notifyReceptionists/1[java.lang.String],false,49,3,4,2,2,1,4,4,0,2,1,4,0,0,0,0,0,0,0,0,1,0,0,0,0,1,5,2,0,false
C:\Users\DELL PRO\Desktop\mini_projet\CheckInOutAPI-Hotel-Reservation-Management-main\src\main\java\com\api\apicheck_incheck_out\service\factory\CheckInNotificationManager.java,com.api.apicheck_incheck_out.service.factory.CheckInNotificationManager,notifyUserCheckInPending/1[java.lang.Long],false,24,1,2,1,1,1,1,3,0,0,1,1,0,0,0,0,0,0,1,0,0,0,0,0,0,0,16,1,0,false
C:\Users\DELL PRO\Desktop\mini_projet\CheckInOutAPI-Hotel-Reservation-Management-main\src\main\java\com\api\apicheck_incheck_out\service\factory\CheckInNotificationManager.java,com.api.apicheck_incheck_out.service.factory.CheckInNotificationManager,"CheckInNotificationManager/2[com.api.apicheck_incheck_out.service.NotificationService,com.api.apicheck_incheck_out.service.UserService]",true,19,2,0,0,0,1,0,4,0,0,2,0,0,0,0,0,0,0,0,0,2,0,0,0,0,0,7,1,0,false
C:\Users\DELL PRO\Desktop\mini_projet\CheckInOutAPI-Hotel-Reservation-Management-main\src\main\java\com\api\apicheck_incheck_out\service\factory\CheckInNotificationManager.java,com.api.apicheck_incheck_out.service.factory.CheckInNotificationManager,notifyStaffCheckInValidated/1[java.lang.Long],false,34,1,4,2,2,1,2,4,0,0,1,2,2,1,0,0,0,0,0,0,0,2,0,0,0,0,21,1,0,false
C:\Users\DELL PRO\Desktop\mini_projet\CheckInOutAPI-Hotel-Reservation-Management-main\src\main\java\com\api\apicheck_incheck_out\service\factory\CheckInNotificationManager.java,com.api.apicheck_incheck_out.service.factory.CheckInNotificationManager,notifyAdmins/1[java.lang.String],false,44,3,4,2,2,1,4,4,0,2,1,4,0,0,0,0,0,0,0,0,1,0,0,0,0,1,5,2,0,false
C:\Users\DELL PRO\Desktop\mini_projet\CheckInOutAPI-Hotel-Reservation-Management-main\src\main\java\com\api\apicheck_incheck_out\service\factory\CheckInNotificationManager.java,com.api.apicheck_incheck_out.service.factory.CheckInNotificationManager,notifyStaffCheckInAdded/1[java.lang.Long],false,39,1,3,1,2,1,2,4,0,0,1,2,2,1,0,0,0,0,0,0,0,2,0,0,0,0,19,1,0,false
C:\Users\DELL PRO\Desktop\mini_projet\CheckInOutAPI-Hotel-Reservation-Management-main\src\main\java\com\api\apicheck_incheck_out\security\CustomUserDetailsService.java,com.api.apicheck_incheck_out.security.CustomUserDetailsService,loadUserByUsername/1[java.lang.String],false,21,5,2,0,2,2,1,7,1,1,1,1,0,0,0,1,0,0,1,0,1,1,1,0,0,0,15,1,0,false
C:\Users\DELL PRO\Desktop\mini_projet\CheckInOutAPI-Hotel-Reservation-Management-main\src\main\java\com\api\apicheck_incheck_out\security\CustomUserDetailsService.java,com.api.apicheck_incheck_out.security.CustomUserDetailsService,CustomUserDetailsService/1[com.api.apicheck_incheck_out.repository.UserRepository],true,16,1,0,0,0,1,0,3,0,0,1,0,0,0,0,0,0,0,0,0,1,0,0,0,0,0,6,1,0,false
C:\Users\DELL PRO\Desktop\mini_projet\CheckInOutAPI-Hotel-Reservation-Management-main\src\main\java\com\api\apicheck_incheck_out\exceptionhandling\ChambreReservationNotFoundException.java,com.api.apicheck_incheck_out.exceptionhandling.ChambreReservationNotFoundException,ChambreReservationNotFoundException/1[java.lang.String],true,4,0,2,2,0,1,0,3,0,0,1,0,0,0,0,0,0,0,0,0,0,0,0,0,0,0,6,1,0,false
C:\Users\DELL PRO\Desktop\mini_projet\CheckInOutAPI-Hotel-Reservation-Management-main\src\main\java\com\api\apicheck_incheck_out\exceptionhandling\CheckInNotFoundException.java,com.api.apicheck_incheck_out.exceptionhandling.CheckInNotFoundException,CheckInNotFoundException/1[java.lang.String],true,4,0,1,1,0,1,0,3,0,0,1,0,0,0,0,0,0,0,0,0,0,0,0,0,0,0,6,1,0,false
C:\Users\DELL PRO\Desktop\mini_projet\CheckInOutAPI-Hotel-Reservation-Management-main\src\main\java\com\api\apicheck_incheck_out\exceptionhandling\InvalidCINException.java,com.api.apicheck_incheck_out.exceptionhandling.InvalidCINException,InvalidCINException/1[java.lang.String],true,4,0,1,1,0,1,0,3,0,0,1,0,0,0,0,0,0,0,0,0,0,0,0,0,0,0,6,1,0,false
C:\Users\DELL PRO\Desktop\mini_projet\CheckInOutAPI-Hotel-Reservation-Management-main\src\main\java\com\api\apicheck_incheck_out\controller\NotificationController.java,com.api.apicheck_incheck_out.controller.NotificationController,"NotificationController/2[com.api.apicheck_incheck_out.service.NotificationService,com.api.apicheck_incheck_out.mapper.NotificationMapper]",true,20,2,0,0,0,1,0,4,0,0,2,0,0,0,0,0,0,0,0,0,2,0,0,0,0,0,5,1,0,false
C:\Users\DELL PRO\Desktop\mini_projet\CheckInOutAPI-Hotel-Reservation-Management-main\src\main\java\com\api\apicheck_incheck_out\controller\NotificationController.java,com.api.apicheck_incheck_out.controller.NotificationController,deleteNotification/1[java.lang.Long],false,40,4,1,0,1,1,3,4,1,0,1,3,0,0,0,0,0,0,1,0,0,0,0,0,0,0,4,1,0,false
C:\Users\DELL PRO\Desktop\mini_projet\CheckInOutAPI-Hotel-Reservation-Management-main\src\main\java\com\api\apicheck_incheck_out\controller\NotificationController.java,com.api.apicheck_incheck_out.controller.NotificationController,getAllNotificationsByUser/1[java.lang.Long],false,32,5,1,0,1,1,5,4,1,1,1,5,0,0,0,0,0,0,1,0,1,0,0,0,0,0,9,1,0,false
C:\Users\DELL PRO\Desktop\mini_projet\CheckInOutAPI-Hotel-Reservation-Management-main\src\main\java\com\api\apicheck_incheck_out\controller\NotificationController.java,com.api.apicheck_incheck_out.controller.NotificationController,notifier/1[com.api.apicheck_incheck_out.dto.NotificationDTO],false,26,7,2,0,2,1,4,4,1,1,1,4,0,0,0,0,0,0,0,0,1,0,0,0,0,0,7,1,0,false
C:\Users\DELL PRO\Desktop\mini_projet\CheckInOutAPI-Hotel-Reservation-Management-main\src\main\java\com\api\apicheck_incheck_out\service\impl\NotificationServiceImpl.java,com.api.apicheck_incheck_out.service.impl.NotificationServiceImpl,deleteNotification/1[java.lang.Long],false,50,2,1,0,1,2,3,9,0,1,1,3,0,0,0,0,0,0,1,0,1,1,1,0,0,0,10,1,0,false
C:\Users\DELL PRO\Desktop\mini_projet\CheckInOutAPI-Hotel-Reservation-Management-main\src\main\java\com\api\apicheck_incheck_out\service\impl\NotificationServiceImpl.java,com.api.apicheck_incheck_out.service.impl.NotificationServiceImpl,"NotificationServiceImpl/2[com.api.apicheck_incheck_out.repository.NotificationRepository,com.api.apicheck_incheck_out.repository.UserRepository]",true,22,2,0,0,0,1,0,4,0,0,2,0,0,0,0,0,0,0,0,0,2,0,0,0,0,0,6,1,0,false
C:\Users\DELL PRO\Desktop\mini_projet\CheckInOutAPI-Hotel-Reservation-Management-main\src\main\java\com\api\apicheck_incheck_out\service\impl\NotificationServiceImpl.java,com.api.apicheck_incheck_out.service.impl.NotificationServiceImpl,"notifier/2[java.lang.Long,java.lang.String]",false,28,3,2,0,2,2,8,14,1,3,2,8,0,0,0,0,0,0,1,0,3,1,1,0,0,0,14,1,0,false
C:\Users\DELL PRO\Desktop\mini_projet\CheckInOutAPI-Hotel-Reservation-Management-main\src\main\java\com\api\apicheck_incheck_out\service\impl\NotificationServiceImpl.java,com.api.apicheck_incheck_out.service.impl.NotificationServiceImpl,getAllNotificationsByUser/1[java.lang.Long],false,45,2,1,0,1,1,1,3,1,0,1,1,0,0,0,0,0,0,0,0,0,0,0,0,0,0,7,1,0,false
C:\Users\DELL PRO\Desktop\mini_projet\CheckInOutAPI-Hotel-Reservation-Management-main\src\main\java\com\api\apicheck_incheck_out\mapper\DocumentScanMapper.java,com.api.apicheck_incheck_out.mapper.DocumentScanMapper,"toEntity/2[com.api.apicheck_incheck_out.dto.DocumentScanDTO,java.lang.Long]",false,32,4,2,1,1,2,22,18,1,2,2,22,0,0,0,1,0,0,1,0,2,0,1,0,0,1,18,1,0,false
C:\Users\DELL PRO\Desktop\mini_projet\CheckInOutAPI-Hotel-Reservation-Management-main\src\main\java\com\api\apicheck_incheck_out\mapper\DocumentScanMapper.java,com.api.apicheck_incheck_out.mapper.DocumentScanMapper,DocumentScanMapper/1[com.api.apicheck_incheck_out.repository.CheckInRepository],true,15,1,0,0,0,1,0,3,0,0,1,0,0,0,0,0,0,0,0,0,1,0,0,0,0,0,7,1,0,false
C:\Users\DELL PRO\Desktop\mini_projet\CheckInOutAPI-Hotel-Reservation-Management-main\src\main\java\com\api\apicheck_incheck_out\mapper\DocumentScanMapper.java,com.api.apicheck_incheck_out.mapper.DocumentScanMapper,toDTO/1[com.api.apicheck_incheck_out.entity.DocumentScan],false,19,2,2,1,1,1,9,3,1,0,1,9,0,0,0,0,0,0,0,0,0,0,0,0,0,0,7,1,0,false
C:\Users\DELL PRO\Desktop\mini_projet\CheckInOutAPI-Hotel-Reservation-Management-main\src\main\java\com\api\apicheck_incheck_out\exceptionhandling\ChambreNotFoundException.java,com.api.apicheck_incheck_out.exceptionhandling.ChambreNotFoundException,ChambreNotFoundException/1[java.lang.String],true,4,0,2,2,0,1,0,3,0,0,1,0,0,0,0,0,0,0,0,0,0,0,0,0,0,0,5,1,0,false
C:\Users\DELL PRO\Desktop\mini_projet\CheckInOutAPI-Hotel-Reservation-Management-main\src\main\java\com\api\apicheck_incheck_out\service\factory\ChambreReservationFilter.java,com.api.apicheck_incheck_out.service.factory.ChambreReservationFilter,"matchesCriteria/4[com.api.apicheck_incheck_out.entity.Chambre,java.lang.Integer,com.api.apicheck_incheck_out.enums.ChambreType,java.lang.String]",false,42,2,1,1,0,6,6,3,1,0,4,6,0,0,0,4,0,3,0,0,0,0,0,0,0,0,7,2,0,false
C:\Users\DELL PRO\Desktop\mini_projet\CheckInOutAPI-Hotel-Reservation-Management-main\src\main\java\com\api\apicheck_incheck_out\service\factory\ChambreReservationFilter.java,com.api.apicheck_incheck_out.service.factory.ChambreReservationFilter,"isOverlapping/3[com.api.apicheck_incheck_out.entity.Reservation,java.time.LocalDate,java.time.LocalDate]",false,56,1,0,0,0,1,4,5,1,2,3,4,0,0,0,0,0,1,0,0,2,0,0,0,0,0,9,2,0,false
C:\Users\DELL PRO\Desktop\mini_projet\CheckInOutAPI-Hotel-Reservation-Management-main\src\main\java\com\api\apicheck_incheck_out\service\factory\ChambreReservationFilter.java,com.api.apicheck_incheck_out.service.factory.ChambreReservationFilter,"findChambresDisponibles/5[java.lang.String,java.lang.String,java.lang.Integer,com.api.apicheck_incheck_out.enums.ChambreType,java.lang.String]",false,31,3,3,1,2,1,7,6,1,5,5,7,2,1,0,0,0,0,0,0,3,0,0,0,0,2,19,1,0,false
C:\Users\DELL PRO\Desktop\mini_projet\CheckInOutAPI-Hotel-Reservation-Management-main\src\main\java\com\api\apicheck_incheck_out\service\factory\ChambreReservationFilter.java,com.api.apicheck_incheck_out.service.factory.ChambreReservationFilter,"ChambreReservationFilter/2[com.api.apicheck_incheck_out.repository.ChambreReservationRepository,com.api.apicheck_incheck_out.repository.ChambreRepository]",true,20,2,0,0,0,1,0,4,0,0,2,0,0,0,0,0,0,0,0,0,2,0,0,0,0,0,5,1,0,false
C:\Users\DELL PRO\Desktop\mini_projet\CheckInOutAPI-Hotel-Reservation-Management-main\src\main\java\com\api\apicheck_incheck_out\service\factory\ChambreReservationFilter.java,com.api.apicheck_incheck_out.service.factory.ChambreReservationFilter,"isAvailableForPeriod/3[com.api.apicheck_incheck_out.entity.Chambre,java.time.LocalDate,java.time.LocalDate]",false,47,2,2,1,1,1,7,3,1,1,3,7,0,0,0,0,0,0,0,0,0,0,0,0,0,1,9,2,0,false
C:\Users\DELL PRO\Desktop\mini_projet\CheckInOutAPI-Hotel-Reservation-Management-main\src\main\java\com\api\apicheck_incheck_out\pdf\CheckoutFacturePDF.java,com.api.apicheck_incheck_out.pdf.CheckoutFacturePDF,"gerercheckOutFacturePDF/3[com.api.apicheck_incheck_out.entity.Reservation,java.util.List<com.api.apicheck_incheck_out.entity.Services>,double]",false,22,14,6,3,3,8,29,50,1,9,3,29,0,0,0,3,1,0,12,13,7,3,3,0,0,2,47,9,0,false
C:\Users\DELL PRO\Desktop\mini_projet\CheckInOutAPI-Hotel-Reservation-Management-main\src\main\java\com\api\apicheck_incheck_out\pdf\CheckoutFacturePDF.java,com.api.apicheck_incheck_out.pdf.CheckoutFacturePDF,CheckoutFacturePDF/0,true,19,0,0,0,0,1,0,3,0,0,0,0,0,0,0,0,0,0,1,0,0,0,0,0,0,0,12,2,0,false
C:\Users\DELL PRO\Desktop\mini_projet\CheckInOutAPI-Hotel-Reservation-Management-main\src\main\java\com\api\apicheck_incheck_out\service\factory\CheckInValidator.java,com.api.apicheck_incheck_out.service.factory.CheckInValidator,validateDocumentScanned/1[com.api.apicheck_incheck_out.entity.CheckIn],false,15,2,2,1,1,2,1,5,0,0,1,1,0,0,0,1,0,0,1,0,0,0,1,0,0,0,13,2,0,false
C:\Users\DELL PRO\Desktop\mini_projet\CheckInOutAPI-Hotel-Reservation-Management-main\src\main\java\com\api\apicheck_incheck_out\service\factory\CheckInValidator.java,com.api.apicheck_incheck_out.service.factory.CheckInValidator,validateForConfirmation/1[com.api.apicheck_incheck_out.entity.CheckIn],false,11,2,3,1,2,1,2,4,0,0,1,2,2,1,0,0,0,0,0,0,0,0,0,0,0,0,11,1,0,false
C:\Users\DELL PRO\Desktop\mini_projet\CheckInOutAPI-Hotel-Reservation-Management-main\src\main\java\com\api\apicheck_incheck_out\service\factory\CheckInValidator.java,com.api.apicheck_incheck_out.service.factory.CheckInValidator,validateStatusEnAttente/1[com.api.apicheck_incheck_out.entity.CheckIn],false,20,2,2,1,1,2,1,5,0,0,1,1,0,0,0,1,0,0,1,0,0,0,1,0,0,0,12,2,0,false
C:\Users\DELL PRO\Desktop\mini_projet\CheckInOutAPI-Hotel-Reservation-Management-main\src\main\java\com\api\apicheck_incheck_out\service\impl\DocumentScanServiceImpl.java,com.api.apicheck_incheck_out.service.impl.DocumentScanServiceImpl$Anonymous1,getFilename/0,false,41,0,0,0,0,1,1,3,1,0,0,1,0,0,0,0,0,0,0,0,0,0,0,0,0,0,2,1,0,false
C:\Users\DELL PRO\Desktop\mini_projet\CheckInOutAPI-Hotel-Reservation-Management-main\src\main\java\com\api\apicheck_incheck_out\service\impl\DocumentScanServiceImpl.java,com.api.apicheck_incheck_out.service.impl.DocumentScanServiceImpl$Anonymous1,contentLength/0,false,36,0,0,0,0,1,1,3,1,0,0,1,0,0,0,0,0,0,0,0,0,0,0,0,0,0,5,1,0,false
C:\Users\DELL PRO\Desktop\mini_projet\CheckInOutAPI-Hotel-Reservation-Management-main\src\main\java\com\api\apicheck_incheck_out\dto\UserPricipal.java,com.api.apicheck_incheck_out.dto.UserPricipal,isCredentialsNonExpired/0,false,45,0,0,0,0,1,0,3,1,0,0,0,0,0,0,0,0,0,0,0,0,0,0,0,0,0,5,1,0,false
C:\Users\DELL PRO\Desktop\mini_projet\CheckInOutAPI-Hotel-Reservation-Management-main\src\main\java\com\api\apicheck_incheck_out\dto\UserPricipal.java,com.api.apicheck_incheck_out.dto.UserPricipal,getAuthorities/0,false,20,1,0,0,0,1,3,3,1,0,0,3,0,0,0,0,0,0,0,0,0,0,0,0,0,0,5,1,0,false
C:\Users\DELL PRO\Desktop\mini_projet\CheckInOutAPI-Hotel-Reservation-Management-main\src\main\java\com\api\apicheck_incheck_out\dto\UserPricipal.java,com.api.apicheck_incheck_out.dto.UserPricipal,isEnabled/0,false,50,0,0,0,0,1,0,3,1,0,0,0,0,0,0,0,0,0,0,0,0,0,0,0,0,0,3,1,0,false
C:\Users\DELL PRO\Desktop\mini_projet\CheckInOutAPI-Hotel-Reservation-Management-main\src\main\java\com\api\apicheck_incheck_out\dto\UserPricipal.java,com.api.apicheck_incheck_out.dto.UserPricipal,getUsername/0,false,30,0,0,0,0,1,1,3,1,0,0,1,0,0,0,0,0,0,0,0,0,0,0,0,0,0,2,1,0,false
C:\Users\DELL PRO\Desktop\mini_projet\CheckInOutAPI-Hotel-Reservation-Management-main\src\main\java\com\api\apicheck_incheck_out\dto\UserPricipal.java,com.api.apicheck_incheck_out.dto.UserPricipal,isAccountNonExpired/0,false,35,0,0,0,0,1,0,3,1,0,0,0,0,0,0,0,0,0,0,0,0,0,0,0,0,0,5,1,0,false
C:\Users\DELL PRO\Desktop\mini_projet\CheckInOutAPI-Hotel-Reservation-Management-main\src\main\java\com\api\apicheck_incheck_out\dto\UserPricipal.java,com.api.apicheck_incheck_out.dto.UserPricipal,getPassword/0,false,25,0,0,0,0,1,1,3,1,0,0,1,0,0,0,0,0,0,0,0,0,0,0,0,0,0,2,1,0,false
C:\Users\DELL PRO\Desktop\mini_projet\CheckInOutAPI-Hotel-Reservation-Management-main\src\main\java\com\api\apicheck_incheck_out\dto\UserPricipal.java,com.api.apicheck_incheck_out.dto.UserPricipal,isAccountNonLocked/0,false,40,0,0,0,0,1,0,3,1,0,0,0,0,0,0,0,0,0,0,0,0,0,0,0,0,0,5,1,0,false
C:\Users\DELL PRO\Desktop\mini_projet\CheckInOutAPI-Hotel-Reservation-Management-main\src\main\java\com\api\apicheck_incheck_out\dto\UserPricipal.java,com.api.apicheck_incheck_out.dto.UserPricipal,UserPricipal/1[com.api.apicheck_incheck_out.entity.User],true,15,1,1,1,0,1,0,3,0,0,1,0,0,0,0,0,0,0,0,0,1,0,0,0,0,0,3,1,0,false
C:\Users\DELL PRO\Desktop\mini_projet\CheckInOutAPI-Hotel-Reservation-Management-main\src\main\java\com\api\apicheck_incheck_out\exceptionhandling\PaymentValidationException.java,com.api.apicheck_incheck_out.exceptionhandling.PaymentValidationException,PaymentValidationException/1[java.lang.String],true,4,0,2,2,0,1,0,3,0,0,1,0,0,0,0,0,0,0,0,0,0,0,0,0,0,0,4,1,0,false
C:\Users\DELL PRO\Desktop\mini_projet\CheckInOutAPI-Hotel-Reservation-Management-main\src\main\java\com\api\apicheck_incheck_out\mapper\NotificationMapper.java,com.api.apicheck_incheck_out.mapper.NotificationMapper,toDTO/1[com.api.apicheck_incheck_out.entity.Notification],false,18,2,2,1,1,1,4,3,1,0,1,4,0,0,0,0,0,0,0,0,0,0,0,0,0,0,6,1,0,false
C:\Users\DELL PRO\Desktop\mini_projet\CheckInOutAPI-Hotel-Reservation-Management-main\src\main\java\com\api\apicheck_incheck_out\mapper\NotificationMapper.java,com.api.apicheck_incheck_out.mapper.NotificationMapper,NotificationMapper/1[com.api.apicheck_incheck_out.repository.UserRepository],true,14,1,0,0,0,1,0,3,0,0,1,0,0,0,0,0,0,0,0,0,1,0,0,0,0,0,5,1,0,false
C:\Users\DELL PRO\Desktop\mini_projet\CheckInOutAPI-Hotel-Reservation-Management-main\src\main\java\com\api\apicheck_incheck_out\mapper\NotificationMapper.java,com.api.apicheck_incheck_out.mapper.NotificationMapper,toEntity/1[com.api.apicheck_incheck_out.dto.NotificationDTO],false,27,4,1,0,1,1,6,4,1,1,1,6,0,0,0,0,0,0,1,0,1,0,0,0,0,1,11,1,0,false
C:\Users\DELL PRO\Desktop\mini_projet\CheckInOutAPI-Hotel-Reservation-Management-main\src\main\java\com\api\apicheck_incheck_out\mapper\CheckOutMapper.java,com.api.apicheck_incheck_out.mapper.CheckOutMapper,toEntity/1[com.api.apicheck_incheck_out.dto.CheckOutDTO],false,22,4,2,1,1,1,9,4,1,1,1,9,0,0,0,0,0,0,0,0,1,0,0,0,0,0,10,1,0,false
C:\Users\DELL PRO\Desktop\mini_projet\CheckInOutAPI-Hotel-Reservation-Management-main\src\main\java\com\api\apicheck_incheck_out\mapper\CheckOutMapper.java,com.api.apicheck_incheck_out.mapper.CheckOutMapper,toDTO/1[com.api.apicheck_incheck_out.entity.CheckOut],false,28,2,4,4,0,1,8,3,1,0,1,8,0,0,0,0,0,0,0,0,0,0,0,0,0,0,7,1,0,false
C:\Users\DELL PRO\Desktop\mini_projet\CheckInOutAPI-Hotel-Reservation-Management-main\src\main\java\com\api\apicheck_incheck_out\mapper\CheckOutMapper.java,com.api.apicheck_incheck_out.mapper.CheckOutMapper,toDTOList/1[java.util.List<com.api.apicheck_incheck_out.entity.CheckOut>],false,35,2,1,1,0,1,3,3,1,0,1,3,0,0,0,0,0,0,0,0,0,0,0,0,0,0,6,1,0,false
C:\Users\DELL PRO\Desktop\mini_projet\CheckInOutAPI-Hotel-Reservation-Management-main\src\main\java\com\api\apicheck_incheck_out\mapper\CheckOutMapper.java,com.api.apicheck_incheck_out.mapper.CheckOutMapper,CheckOutMapper/1[com.api.apicheck_incheck_out.service.ReservationService],true,18,1,0,0,0,1,0,3,0,0,1,0,0,0,0,0,0,0,0,0,1,0,0,0,0,0,6,1,0,false
C:\Users\DELL PRO\Desktop\mini_projet\CheckInOutAPI-Hotel-Reservation-Management-main\src\main\java\com\api\apicheck_incheck_out\repository\NotificationRepository.java,com.api.apicheck_incheck_out.repository.NotificationRepository,findByUserId/1[java.lang.Long],false,9,1,1,1,0,1,0,1,0,0,1,0,0,0,0,0,0,0,0,0,0,0,0,0,0,0,6,0,0,false
C:\Users\DELL PRO\Desktop\mini_projet\CheckInOutAPI-Hotel-Reservation-Management-main\src\main\java\com\api\apicheck_incheck_out\CheckInOutApiHotelReservationManagementApplication.java,com.api.apicheck_incheck_out.CheckInOutApiHotelReservationManagementApplication,main/1[java.lang.String[]],false,11,1,0,0,0,1,1,3,0,0,1,1,0,0,0,0,0,0,0,0,0,0,0,0,0,0,2,9,0,false
C:\Users\DELL PRO\Desktop\mini_projet\CheckInOutAPI-Hotel-Reservation-Management-main\src\main\java\com\api\apicheck_incheck_out\service\factory\CheckInFactory.java,com.api.apicheck_incheck_out.service.factory.CheckInFactory,"createCheckIn/3[com.api.apicheck_incheck_out.entity.Reservation,com.api.apicheck_incheck_out.entity.DocumentScan,com.api.apicheck_incheck_out.enums.CheckInStatus]",false,20,4,3,2,1,1,7,9,1,1,3,7,0,0,0,0,0,0,0,0,1,0,0,0,0,0,9,1,0,false
C:\Users\DELL PRO\Desktop\mini_projet\CheckInOutAPI-Hotel-Reservation-Management-main\src\main\java\com\api\apicheck_incheck_out\service\factory\CheckInFactory.java,com.api.apicheck_incheck_out.service.factory.CheckInFactory,CheckInFactory/1[com.api.apicheck_incheck_out.repository.CheckInRepository],true,16,1,0,0,0,1,0,3,0,0,1,0,0,0,0,0,0,0,0,0,1,0,0,0,0,0,5,1,0,false
C:\Users\DELL PRO\Desktop\mini_projet\CheckInOutAPI-Hotel-Reservation-Management-main\src\main\java\com\api\apicheck_incheck_out\service\impl\CheckOutServiceImpl.java,com.api.apicheck_incheck_out.service.impl.CheckOutServiceImpl,getAmount/1[java.lang.Long],false,85,4,3,2,1,1,10,6,1,4,1,10,0,0,0,0,0,0,1,0,3,1,0,0,0,2,17,1,0,false
C:\Users\DELL PRO\Desktop\mini_projet\CheckInOutAPI-Hotel-Reservation-Management-main\src\main\java\com\api\apicheck_incheck_out\service\impl\CheckOutServiceImpl.java,com.api.apicheck_incheck_out.service.impl.CheckOutServiceImpl,getCheckOutByReservation/1[java.lang.Long],false,154,4,1,0,1,2,5,7,1,1,1,5,0,0,0,0,0,0,1,0,1,1,1,0,0,0,15,1,0,false
C:\Users\DELL PRO\Desktop\mini_projet\CheckInOutAPI-Hotel-Reservation-Management-main\src\main\java\com\api\apicheck_incheck_out\service\impl\CheckOutServiceImpl.java,com.api.apicheck_incheck_out.service.impl.CheckOutServiceImpl,getCheckOutById/1[java.lang.Long],false,62,2,2,1,1,2,3,9,1,1,1,3,0,0,0,0,0,0,1,0,1,1,1,0,0,0,14,1,0,false
C:\Users\DELL PRO\Desktop\mini_projet\CheckInOutAPI-Hotel-Reservation-Management-main\src\main\java\com\api\apicheck_incheck_out\service\impl\CheckOutServiceImpl.java,com.api.apicheck_incheck_out.service.impl.CheckOutServiceImpl,"setCheckOutStatus/2[java.lang.Long,com.api.apicheck_incheck_out.enums.CheckOutStatut]",false,77,3,0,0,0,1,4,5,1,1,2,4,0,0,0,0,0,0,1,0,1,1,0,0,0,1,14,1,0,false
C:\Users\DELL PRO\Desktop\mini_projet\CheckInOutAPI-Hotel-Reservation-Management-main\src\main\java\com\api\apicheck_incheck_out\service\impl\CheckOutServiceImpl.java,com.api.apicheck_incheck_out.service.impl.CheckOutServiceImpl,handlePaymentSuccess/1[java.lang.Long],false,111,12,8,0,8,1,28,21,0,12,1,28,2,1,0,0,0,0,4,0,8,3,0,0,0,4,31,1,0,false
C:\Users\DELL PRO\Desktop\mini_projet\CheckInOutAPI-Hotel-Reservation-Management-main\src\main\java\com\api\apicheck_incheck_out\service\impl\CheckOutServiceImpl.java,com.api.apicheck_incheck_out.service.impl.CheckOutServiceImpl,checkoutsForToday/1[java.time.LocalDate],false,146,3,1,0,1,1,5,4,1,1,1,5,0,0,0,0,0,0,0,0,1,0,0,0,0,0,7,1,0,false
C:\Users\DELL PRO\Desktop\mini_projet\CheckInOutAPI-Hotel-Reservation-Management-main\src\main\java\com\api\apicheck_incheck_out\service\impl\CheckOutServiceImpl.java,com.api.apicheck_incheck_out.service.impl.CheckOutServiceImpl,addCheckOut/1[com.api.apicheck_incheck_out.entity.CheckOut],false,53,1,0,0,0,2,2,7,1,0,1,2,0,0,0,1,0,0,1,0,0,0,1,0,0,0,11,1,0,false
C:\Users\DELL PRO\Desktop\mini_projet\CheckInOutAPI-Hotel-Reservation-Management-main\src\main\java\com\api\apicheck_incheck_out\service\impl\CheckOutServiceImpl.java,com.api.apicheck_incheck_out.service.impl.CheckOutServiceImpl,payer/1[java.lang.Long],false,97,5,3,0,3,3,10,8,1,2,1,10,1,1,0,1,0,0,3,1,2,1,1,0,0,0,19,1,0,false
C:\Users\DELL PRO\Desktop\mini_projet\CheckInOutAPI-Hotel-Reservation-Management-main\src\main\java\com\api\apicheck_incheck_out\service\impl\CheckOutServiceImpl.java,com.api.apicheck_incheck_out.service.impl.CheckOutServiceImpl,getAllCheckOuts/0,false,72,1,0,0,0,1,1,3,1,0,0,1,0,0,0,0,0,0,0,0,0,0,0,0,0,0,4,1,0,false
C:\Users\DELL PRO\Desktop\mini_projet\CheckInOutAPI-Hotel-Reservation-Management-main\src\main\java\com\api\apicheck_incheck_out\service\ReservationService.java,com.api.apicheck_incheck_out.service.ReservationService,deleteReservation/1[java.lang.Long],false,16,0,1,1,0,1,0,1,0,0,1,0,0,0,0,0,0,0,0,0,0,0,0,0,0,0,4,1,0,false
C:\Users\DELL PRO\Desktop\mini_projet\CheckInOutAPI-Hotel-Reservation-Management-main\src\main\java\com\api\apicheck_incheck_out\service\ReservationService.java,com.api.apicheck_incheck_out.service.ReservationService,existsById/1[java.lang.Long],false,24,0,2,2,0,1,0,1,0,0,1,0,0,0,0,0,0,0,0,0,0,0,0,0,0,0,5,1,0,false
C:\Users\DELL PRO\Desktop\mini_projet\CheckInOutAPI-Hotel-Reservation-Management-main\src\main\java\com\api\apicheck_incheck_out\service\ReservationService.java,com.api.apicheck_incheck_out.service.ReservationService,getReservationDetail/1[java.lang.Long],false,23,1,1,1,0,1,0,1,0,0,1,0,0,0,0,0,0,0,0,0,0,0,0,0,0,0,10,1,0,false
C:\Users\DELL PRO\Desktop\mini_projet\CheckInOutAPI-Hotel-Reservation-Management-main\src\main\java\com\api\apicheck_incheck_out\service\ReservationService.java,com.api.apicheck_incheck_out.service.ReservationService,"updateReservationStatus/2[java.lang.Long,com.api.apicheck_incheck_out.enums.ReservationStatus]",false,15,2,1,1,0,1,0,1,0,0,2,0,0,0,0,0,0,0,0,0,0,0,0,0,0,0,5,1,0,false
C:\Users\DELL PRO\Desktop\mini_projet\CheckInOutAPI-Hotel-Reservation-Management-main\src\main\java\com\api\apicheck_incheck_out\service\ReservationService.java,com.api.apicheck_incheck_out.service.ReservationService,"searchReservations/4[java.lang.String,java.time.LocalDate,java.time.LocalDate,com.api.apicheck_incheck_out.enums.ReservationStatus]",false,22,2,1,1,0,1,0,1,0,0,4,0,0,0,0,0,0,0,0,0,0,0,0,0,0,0,3,1,0,false
C:\Users\DELL PRO\Desktop\mini_projet\CheckInOutAPI-Hotel-Reservation-Management-main\src\main\java\com\api\apicheck_incheck_out\service\ReservationService.java,com.api.apicheck_incheck_out.service.ReservationService,getReservationById/1[java.lang.Long],false,18,1,4,4,0,1,0,1,0,0,1,0,0,0,0,0,0,0,0,0,0,0,0,0,0,0,6,1,0,false
C:\Users\DELL PRO\Desktop\mini_projet\CheckInOutAPI-Hotel-Reservation-Management-main\src\main\java\com\api\apicheck_incheck_out\service\ReservationService.java,com.api.apicheck_incheck_out.service.ReservationService,"addReservation/2[com.api.apicheck_incheck_out.entity.Reservation,java.util.List<java.lang.Long>]",false,14,1,1,1,0,1,0,1,0,0,2,0,0,0,0,0,0,0,0,0,0,0,0,0,0,0,4,1,0,false
C:\Users\DELL PRO\Desktop\mini_projet\CheckInOutAPI-Hotel-Reservation-Management-main\src\main\java\com\api\apicheck_incheck_out\service\ReservationService.java,com.api.apicheck_incheck_out.service.ReservationService,findUserByReservation/1[java.lang.Long],false,25,1,1,1,0,1,0,1,0,0,1,0,0,0,0,0,0,0,0,0,0,0,0,0,0,0,6,1,0,false
C:\Users\DELL PRO\Desktop\mini_projet\CheckInOutAPI-Hotel-Reservation-Management-main\src\main\java\com\api\apicheck_incheck_out\service\ReservationService.java,com.api.apicheck_incheck_out.service.ReservationService,getDashboardStats/0,false,26,0,1,1,0,1,0,1,0,0,0,0,0,0,0,0,0,0,0,0,0,0,0,0,0,0,3,1,0,false
C:\Users\DELL PRO\Desktop\mini_projet\CheckInOutAPI-Hotel-Reservation-Management-main\src\main\java\com\api\apicheck_incheck_out\service\ReservationService.java,com.api.apicheck_incheck_out.service.ReservationService,getReservationsByUserId/1[java.lang.Long],false,20,1,1,1,0,1,0,1,0,0,1,0,0,0,0,0,0,0,0,0,0,0,0,0,0,0,7,1,0,false
C:\Users\DELL PRO\Desktop\mini_projet\CheckInOutAPI-Hotel-Reservation-Management-main\src\main\java\com\api\apicheck_incheck_out\stripe\StripeConfig.java,com.api.apicheck_incheck_out.stripe.StripeConfig,init/0,false,14,1,0,0,0,1,0,3,0,0,0,0,0,0,0,0,0,0,0,0,1,0,0,0,0,0,3,1,0,false
C:\Users\DELL PRO\Desktop\mini_projet\CheckInOutAPI-Hotel-Reservation-Management-main\src\main\java\com\api\apicheck_incheck_out\service\ReservationServicesService.java,com.api.apicheck_incheck_out.service.ReservationServicesService,getRsrvServicesSejourUnpaid/1[java.lang.Long],false,15,1,1,1,0,1,0,1,0,0,1,0,0,0,0,0,0,0,0,0,0,0,0,0,0,0,7,1,0,false
C:\Users\DELL PRO\Desktop\mini_projet\CheckInOutAPI-Hotel-Reservation-Management-main\src\main\java\com\api\apicheck_incheck_out\service\ReservationServicesService.java,com.api.apicheck_incheck_out.service.ReservationServicesService,getAllServicesByReservation/1[java.lang.Long],false,10,1,2,2,0,1,0,1,0,0,1,0,0,0,0,0,0,0,0,0,0,0,0,0,0,0,7,1,0,false
C:\Users\DELL PRO\Desktop\mini_projet\CheckInOutAPI-Hotel-Reservation-Management-main\src\main\java\com\api\apicheck_incheck_out\service\ReservationServicesService.java,com.api.apicheck_incheck_out.service.ReservationServicesService,"addSejourServicesToReservation/2[java.lang.Long,java.util.List<java.lang.Long>]",false,12,0,1,1,0,1,0,1,0,0,2,0,0,0,0,0,0,0,0,0,0,0,0,0,0,0,8,1,0,false
C:\Users\DELL PRO\Desktop\mini_projet\CheckInOutAPI-Hotel-Reservation-Management-main\src\main\java\com\api\apicheck_incheck_out\service\ReservationServicesService.java,com.api.apicheck_incheck_out.service.ReservationServicesService,"getServicesByPhase/2[java.lang.Long,com.api.apicheck_incheck_out.enums.PhaseAjoutService]",false,11,2,4,4,0,1,0,1,0,0,2,0,0,0,0,0,0,0,0,0,0,0,0,0,0,0,6,1,0,false
C:\Users\DELL PRO\Desktop\mini_projet\CheckInOutAPI-Hotel-Reservation-Management-main\src\main\java\com\api\apicheck_incheck_out\service\ReservationServicesService.java,com.api.apicheck_incheck_out.service.ReservationServicesService,getAvailableServices/1[java.lang.Long],false,14,1,1,1,0,1,0,1,0,0,1,0,0,0,0,0,0,0,0,0,0,0,0,0,0,0,6,1,0,false
C:\Users\DELL PRO\Desktop\mini_projet\CheckInOutAPI-Hotel-Reservation-Management-main\src\main\java\com\api\apicheck_incheck_out\service\ReservationServicesService.java,com.api.apicheck_incheck_out.service.ReservationServicesService,"addResService/2[java.lang.Long,java.util.List<java.lang.Long>]",false,13,1,1,1,0,1,0,1,0,0,2,0,0,0,0,0,0,0,0,0,0,0,0,0,0,0,6,1,0,false
C:\Users\DELL PRO\Desktop\mini_projet\CheckInOutAPI-Hotel-Reservation-Management-main\src\main\java\com\api\apicheck_incheck_out\repository\FactureRepository.java,com.api.apicheck_incheck_out.repository.FactureRepository,findAllByReservation_Id/1[java.lang.Long],false,11,1,2,2,0,1,0,1,0,0,1,0,0,0,0,0,0,0,0,0,0,0,0,0,0,0,8,0,0,false
C:\Users\DELL PRO\Desktop\mini_projet\CheckInOutAPI-Hotel-Reservation-Management-main\src\main\java\com\api\apicheck_incheck_out\repository\FactureRepository.java,com.api.apicheck_incheck_out.repository.FactureRepository,"findAllByReservation_IdAndType/2[java.lang.Long,com.api.apicheck_incheck_out.enums.FactureType]",false,10,2,0,0,0,1,0,1,0,0,2,0,0,0,0,0,0,0,0,0,0,0,0,0,0,0,10,0,0,false
C:\Users\DELL PRO\Desktop\mini_projet\CheckInOutAPI-Hotel-Reservation-Management-main\src\main\java\com\api\apicheck_incheck_out\exceptionhandling\EmailAlreadyUsedException.java,com.api.apicheck_incheck_out.exceptionhandling.EmailAlreadyUsedException,EmailAlreadyUsedException/1[java.lang.String],true,4,0,1,1,0,1,0,3,0,0,1,0,0,0,0,0,0,0,0,0,0,0,0,0,0,0,5,1,0,false
C:\Users\DELL PRO\Desktop\mini_projet\CheckInOutAPI-Hotel-Reservation-Management-main\src\main\java\com\api\apicheck_incheck_out\pdf\CheckInFacturePDF.java,com.api.apicheck_incheck_out.pdf.CheckInFacturePDF,CheckInFacturePDF/0,true,18,0,0,0,0,1,0,3,0,0,0,0,0,0,0,0,0,0,1,0,0,0,0,0,0,0,13,2,0,false
C:\Users\DELL PRO\Desktop\mini_projet\CheckInOutAPI-Hotel-Reservation-Management-main\src\main\java\com\api\apicheck_incheck_out\pdf\CheckInFacturePDF.java,com.api.apicheck_incheck_out.pdf.CheckInFacturePDF,gerercheckinFacturePDF/1[com.api.apicheck_incheck_out.entity.Reservation],false,22,12,4,1,3,7,35,58,1,11,1,35,0,0,0,2,1,0,18,17,8,7,3,0,0,3,44,9,0,false
C:\Users\DELL PRO\Desktop\mini_projet\CheckInOutAPI-Hotel-Reservation-Management-main\src\main\java\com\api\apicheck_incheck_out\security\SecurityConfig.java,com.api.apicheck_incheck_out.security.SecurityConfig,authenticationManager/1[com.api.apicheck_incheck_out.security.AuthenticationConfiguration],false,82,3,0,0,0,1,1,3,1,0,1,1,0,0,0,0,0,0,0,0,0,0,0,0,0,0,6,1,0,false
C:\Users\DELL PRO\Desktop\mini_projet\CheckInOutAPI-Hotel-Reservation-Management-main\src\main\java\com\api\apicheck_incheck_out\security\SecurityConfig.java,com.api.apicheck_incheck_out.security.SecurityConfig,securityFilterChain/1[com.api.apicheck_incheck_out.security.HttpSecurity],false,37,5,1,0,1,1,16,3,1,3,1,16,1,1,0,0,0,0,16,0,0,0,0,0,0,3,27,1,0,false
C:\Users\DELL PRO\Desktop\mini_projet\CheckInOutAPI-Hotel-Reservation-Management-main\src\main\java\com\api\apicheck_incheck_out\security\SecurityConfig.java,com.api.apicheck_incheck_out.security.SecurityConfig,authenticationProvider/0,false,74,4,1,1,0,1,2,6,1,1,0,2,0,0,0,0,0,0,0,1,1,0,0,0,0,0,12,1,0,false
C:\Users\DELL PRO\Desktop\mini_projet\CheckInOutAPI-Hotel-Reservation-Management-main\src\main\java\com\api\apicheck_incheck_out\security\SecurityConfig.java,com.api.apicheck_incheck_out.security.SecurityConfig,passwordEncoder/0,false,25,2,0,0,0,1,0,3,1,0,0,0,0,0,0,0,0,0,0,0,0,0,0,0,0,0,5,1,0,false
C:\Users\DELL PRO\Desktop\mini_projet\CheckInOutAPI-Hotel-Reservation-Management-main\src\main\java\com\api\apicheck_incheck_out\security\SecurityConfig.java,com.api.apicheck_incheck_out.security.SecurityConfig,"SecurityConfig/2[com.api.apicheck_incheck_out.security.CustomUserDetailsService,com.api.apicheck_incheck_out.security.JWTFilter]",true,31,2,0,0,0,1,0,4,0,0,2,0,0,0,0,0,0,0,0,0,2,0,0,0,0,0,9,1,0,false
C:\Users\DELL PRO\Desktop\mini_projet\CheckInOutAPI-Hotel-Reservation-Management-main\src\main\java\com\api\apicheck_incheck_out\exceptionhandling\ReservationNotFoundException.java,com.api.apicheck_incheck_out.exceptionhandling.ReservationNotFoundException,ReservationNotFoundException/1[java.lang.String],true,4,0,3,3,0,1,0,3,0,0,1,0,0,0,0,0,0,0,0,0,0,0,0,0,0,0,5,1,0,false
C:\Users\DELL PRO\Desktop\mini_projet\CheckInOutAPI-Hotel-Reservation-Management-main\src\main\java\com\api\apicheck_incheck_out\service\CheckOutService.java,com.api.apicheck_incheck_out.service.CheckOutService,addCheckOut/1[com.api.apicheck_incheck_out.entity.CheckOut],false,11,1,1,1,0,1,0,1,0,0,1,0,0,0,0,0,0,0,0,0,0,0,0,0,0,0,4,1,0,false
C:\Users\DELL PRO\Desktop\mini_projet\CheckInOutAPI-Hotel-Reservation-Management-main\src\main\java\com\api\apicheck_incheck_out\service\CheckOutService.java,com.api.apicheck_incheck_out.service.CheckOutService,getCheckOutById/1[java.lang.Long],false,12,1,1,1,0,1,0,1,0,0,1,0,0,0,0,0,0,0,0,0,0,0,0,0,0,0,7,1,0,false
C:\Users\DELL PRO\Desktop\mini_projet\CheckInOutAPI-Hotel-Reservation-Management-main\src\main\java\com\api\apicheck_incheck_out\service\CheckOutService.java,com.api.apicheck_incheck_out.service.CheckOutService,"setCheckOutStatus/2[java.lang.Long,com.api.apicheck_incheck_out.enums.CheckOutStatut]",false,14,2,1,1,0,1,0,1,0,0,2,0,0,0,0,0,0,0,0,0,0,0,0,0,0,0,6,1,0,false
C:\Users\DELL PRO\Desktop\mini_projet\CheckInOutAPI-Hotel-Reservation-Management-main\src\main\java\com\api\apicheck_incheck_out\service\CheckOutService.java,com.api.apicheck_incheck_out.service.CheckOutService,getAllCheckOuts/0,false,13,1,1,1,0,1,0,1,0,0,0,0,0,0,0,0,0,0,0,0,0,0,0,0,0,0,4,1,0,false
C:\Users\DELL PRO\Desktop\mini_projet\CheckInOutAPI-Hotel-Reservation-Management-main\src\main\java\com\api\apicheck_incheck_out\service\CheckOutService.java,com.api.apicheck_incheck_out.service.CheckOutService,checkoutsForToday/1[java.time.LocalDate],false,19,1,1,1,0,1,0,1,0,0,1,0,0,0,0,0,0,0,0,0,0,0,0,0,0,0,6,1,0,false
C:\Users\DELL PRO\Desktop\mini_projet\CheckInOutAPI-Hotel-Reservation-Management-main\src\main\java\com\api\apicheck_incheck_out\service\CheckOutService.java,com.api.apicheck_incheck_out.service.CheckOutService,handlePaymentSuccess/1[java.lang.Long],false,18,0,1,1,0,1,0,1,0,0,1,0,0,0,0,0,0,0,0,0,0,0,0,0,0,0,5,1,0,false
C:\Users\DELL PRO\Desktop\mini_projet\CheckInOutAPI-Hotel-Reservation-Management-main\src\main\java\com\api\apicheck_incheck_out\service\CheckOutService.java,com.api.apicheck_incheck_out.service.CheckOutService,getCheckOutByReservation/1[java.lang.Long],false,17,1,1,1,0,1,0,1,0,0,1,0,0,0,0,0,0,0,0,0,0,0,0,0,0,0,7,1,0,false
C:\Users\DELL PRO\Desktop\mini_projet\CheckInOutAPI-Hotel-Reservation-Management-main\src\main\java\com\api\apicheck_incheck_out\service\CheckOutService.java,com.api.apicheck_incheck_out.service.CheckOutService,getAmount/1[java.lang.Long],false,15,0,4,4,0,1,0,1,0,0,1,0,0,0,0,0,0,0,0,0,0,0,0,0,0,0,4,1,0,false
C:\Users\DELL PRO\Desktop\mini_projet\CheckInOutAPI-Hotel-Reservation-Management-main\src\main\java\com\api\apicheck_incheck_out\service\CheckOutService.java,com.api.apicheck_incheck_out.service.CheckOutService,payer/1[java.lang.Long],false,16,1,1,1,0,1,0,1,0,0,1,0,0,0,0,0,0,0,0,0,0,0,0,0,0,0,5,1,0,false
C:\Users\DELL PRO\Desktop\mini_projet\CheckInOutAPI-Hotel-Reservation-Management-main\src\main\java\com\api\apicheck_incheck_out\service\factory\ReservationServicesFinder.java,com.api.apicheck_incheck_out.service.factory.ReservationServicesFinder,ReservationServicesFinder/1[com.api.apicheck_incheck_out.repository.ReservationRepository],true,17,1,0,0,0,1,0,3,0,0,1,0,0,0,0,0,0,0,0,0,1,0,0,0,0,0,5,1,0,false
C:\Users\DELL PRO\Desktop\mini_projet\CheckInOutAPI-Hotel-Reservation-Management-main\src\main\java\com\api\apicheck_incheck_out\service\factory\ReservationServicesFinder.java,com.api.apicheck_incheck_out.service.factory.ReservationServicesFinder,extractExistingServiceIds/1[com.api.apicheck_incheck_out.entity.Reservation],false,24,1,1,1,0,1,7,3,1,1,1,7,0,0,0,0,0,0,0,0,0,0,0,0,0,1,7,1,0,false
C:\Users\DELL PRO\Desktop\mini_projet\CheckInOutAPI-Hotel-Reservation-Management-main\src\main\java\com\api\apicheck_incheck_out\service\factory\ReservationServicesFinder.java,com.api.apicheck_incheck_out.service.factory.ReservationServicesFinder,findReservationById/1[java.lang.Long],false,21,2,10,10,0,1,2,3,1,0,1,2,0,0,0,0,0,0,1,0,0,1,0,0,0,1,11,1,0,false
C:\Users\DELL PRO\Desktop\mini_projet\CheckInOutAPI-Hotel-Reservation-Management-main\src\main\java\com\api\apicheck_incheck_out\controller\ReservationServicesController.java,com.api.apicheck_incheck_out.controller.ReservationServicesController,"getServicesByPhase/2[java.lang.Long,com.api.apicheck_incheck_out.enums.PhaseAjoutService]",false,87,8,1,0,1,1,5,5,1,2,2,5,0,0,0,0,0,0,1,0,2,0,0,0,0,0,13,1,0,false
C:\Users\DELL PRO\Desktop\mini_projet\CheckInOutAPI-Hotel-Reservation-Management-main\src\main\java\com\api\apicheck_incheck_out\controller\ReservationServicesController.java,com.api.apicheck_incheck_out.controller.ReservationServicesController,"ReservationServicesController/6[com.api.apicheck_incheck_out.service.ReservationServicesService,com.api.apicheck_incheck_out.mapper.ReservationServicesMapper,com.api.apicheck_incheck_out.repository.ReservationRepository,com.api.apicheck_incheck_out.service.impl.EmailSenderService,com.api.apicheck_incheck_out.service.NotificationService,com.api.apicheck_incheck_out.repository.NotificationRepository]",true,35,6,0,0,0,1,0,8,0,0,6,0,0,0,0,0,0,0,0,0,6,0,0,0,0,0,10,1,0,false
C:\Users\DELL PRO\Desktop\mini_projet\CheckInOutAPI-Hotel-Reservation-Management-main\src\main\java\com\api\apicheck_incheck_out\controller\ReservationServicesController.java,com.api.apicheck_incheck_out.controller.ReservationServicesController,"getServicesByReservation/2[java.lang.Long,java.lang.Long]",false,45,10,2,0,2,3,15,13,2,5,2,15,0,0,0,1,0,0,3,0,4,1,1,0,0,2,26,1,0,false
C:\Users\DELL PRO\Desktop\mini_projet\CheckInOutAPI-Hotel-Reservation-Management-main\src\main\java\com\api\apicheck_incheck_out\controller\ReservationServicesController.java,com.api.apicheck_incheck_out.controller.ReservationServicesController,"addReservationServices/2[java.lang.Long,java.util.List<java.lang.Long>]",false,98,10,3,0,3,2,22,14,1,8,2,22,0,0,0,0,0,0,18,0,6,4,1,0,0,3,35,1,0,false
C:\Users\DELL PRO\Desktop\mini_projet\CheckInOutAPI-Hotel-Reservation-Management-main\src\main\java\com\api\apicheck_incheck_out\controller\ReservationServicesController.java,com.api.apicheck_incheck_out.controller.ReservationServicesController,getAvailableServices/1[java.lang.Long],false,137,5,1,0,1,1,2,4,1,1,1,2,0,0,0,0,0,0,1,0,1,0,0,0,0,0,8,1,0,false
C:\Users\DELL PRO\Desktop\mini_projet\CheckInOutAPI-Hotel-Reservation-Management-main\src\main\java\com\api\apicheck_incheck_out\controller\ReservationServicesController.java,com.api.apicheck_incheck_out.controller.ReservationServicesController,"addSejourServices/2[java.lang.Long,java.util.List<java.lang.Long>]",false,79,5,1,0,1,1,2,4,1,0,2,2,0,0,0,0,0,0,2,0,0,0,0,0,0,0,7,1,0,false
C:\Users\DELL PRO\Desktop\mini_projet\CheckInOutAPI-Hotel-Reservation-Management-main\src\main\java\com\api\apicheck_incheck_out\controller\ReservationServicesController.java,com.api.apicheck_incheck_out.controller.ReservationServicesController,findUnpaidServicesDuringStay/1[java.lang.Long],false,142,6,2,0,2,2,3,9,1,0,1,3,0,0,0,0,1,0,4,0,0,0,1,0,0,0,18,1,1,false
C:\Users\DELL PRO\Desktop\mini_projet\CheckInOutAPI-Hotel-Reservation-Management-main\src\main\java\com\api\apicheck_incheck_out\service\impl\ServicesServiceImpl.java,com.api.apicheck_incheck_out.service.impl.ServicesServiceImpl,getAllServices/0,false,55,1,0,0,0,1,1,3,1,0,0,1,0,0,0,0,0,0,0,0,0,0,0,0,0,0,3,1,0,false
C:\Users\DELL PRO\Desktop\mini_projet\CheckInOutAPI-Hotel-Reservation-Management-main\src\main\java\com\api\apicheck_incheck_out\service\impl\ServicesServiceImpl.java,com.api.apicheck_incheck_out.service.impl.ServicesServiceImpl,ServicesServiceImpl/1[com.api.apicheck_incheck_out.repository.ServiceRepository],true,17,1,0,0,0,1,0,3,0,0,1,0,0,0,0,0,0,0,0,0,1,0,0,0,0,0,5,1,0,false
C:\Users\DELL PRO\Desktop\mini_projet\CheckInOutAPI-Hotel-Reservation-Management-main\src\main\java\com\api\apicheck_incheck_out\service\impl\ServicesServiceImpl.java,com.api.apicheck_incheck_out.service.impl.ServicesServiceImpl,"updateService/2[java.lang.Long,com.api.apicheck_incheck_out.entity.Services]",false,27,2,1,0,1,2,10,13,1,2,2,10,0,0,0,0,0,0,1,0,2,1,1,0,0,0,13,1,0,false
C:\Users\DELL PRO\Desktop\mini_projet\CheckInOutAPI-Hotel-Reservation-Management-main\src\main\java\com\api\apicheck_incheck_out\service\impl\ServicesServiceImpl.java,com.api.apicheck_incheck_out.service.impl.ServicesServiceImpl,deleteService/1[java.lang.Long],false,43,2,1,0,1,2,4,10,1,1,1,4,0,0,0,0,0,0,1,0,1,1,1,0,0,0,12,1,0,false
C:\Users\DELL PRO\Desktop\mini_projet\CheckInOutAPI-Hotel-Reservation-Management-main\src\main\java\com\api\apicheck_incheck_out\service\impl\ServicesServiceImpl.java,com.api.apicheck_incheck_out.service.impl.ServicesServiceImpl,addService/1[com.api.apicheck_incheck_out.entity.Services],false,22,1,0,0,0,1,1,3,1,0,1,1,0,0,0,0,0,0,0,0,0,0,0,0,0,0,4,1,0,false
C:\Users\DELL PRO\Desktop\mini_projet\CheckInOutAPI-Hotel-Reservation-Management-main\src\main\java\com\api\apicheck_incheck_out\exceptionhandling\ServiceNotFoundException.java,com.api.apicheck_incheck_out.exceptionhandling.ServiceNotFoundException,ServiceNotFoundException/1[java.lang.String],true,4,0,2,2,0,1,0,3,0,0,1,0,0,0,0,0,0,0,0,0,0,0,0,0,0,0,5,1,0,false
C:\Users\DELL PRO\Desktop\mini_projet\CheckInOutAPI-Hotel-Reservation-Management-main\src\main\java\com\api\apicheck_incheck_out\exceptionhandling\GlobalExceptionHandler.java,com.api.apicheck_incheck_out.exceptionhandling.GlobalExceptionHandler,handleUserUserNotFoundException/1[com.api.apicheck_incheck_out.exceptionhandling.UserNotFoundException],false,24,3,0,0,0,1,3,3,1,0,1,3,0,0,0,0,0,0,0,0,0,0,0,0,0,0,6,1,0,false
C:\Users\DELL PRO\Desktop\mini_projet\CheckInOutAPI-Hotel-Reservation-Management-main\src\main\java\com\api\apicheck_incheck_out\exceptionhandling\GlobalExceptionHandler.java,com.api.apicheck_incheck_out.exceptionhandling.GlobalExceptionHandler,handleEntityExistsException/1[com.api.apicheck_incheck_out.exceptionhandling.EntityExistsException],false,29,3,0,0,0,1,3,3,1,0,1,3,0,0,0,0,0,0,0,0,0,0,0,0,0,0,5,1,0,false
C:\Users\DELL PRO\Desktop\mini_projet\CheckInOutAPI-Hotel-Reservation-Management-main\src\main\java\com\api\apicheck_incheck_out\exceptionhandling\GlobalExceptionHandler.java,com.api.apicheck_incheck_out.exceptionhandling.GlobalExceptionHandler,handleEntityNotFoundException/1[com.api.apicheck_incheck_out.exceptionhandling.EntityNotFoundException],false,14,3,0,0,0,1,3,3,1,0,1,3,0,0,0,0,0,0,0,0,0,0,0,0,0,0,6,1,0,false
C:\Users\DELL PRO\Desktop\mini_projet\CheckInOutAPI-Hotel-Reservation-Management-main\src\main\java\com\api\apicheck_incheck_out\exceptionhandling\GlobalExceptionHandler.java,com.api.apicheck_incheck_out.exceptionhandling.GlobalExceptionHandler,handleUserRegistrationException/1[com.api.apicheck_incheck_out.exceptionhandling.UserRegistrationException],false,19,3,0,0,0,1,3,3,1,0,1,3,0,0,0,0,0,0,0,0,0,0,0,0,0,0,5,1,0,false
C:\Users\DELL PRO\Desktop\mini_projet\CheckInOutAPI-Hotel-Reservation-Management-main\src\main\java\com\api\apicheck_incheck_out\mapper\ChambreMapper.java,com.api.apicheck_incheck_out.mapper.ChambreMapper,toEntity/1[com.api.apicheck_incheck_out.dto.ChambreDTO],false,41,4,3,2,1,3,13,7,1,2,1,13,0,0,0,1,0,0,1,0,2,1,1,0,0,2,16,1,0,false
C:\Users\DELL PRO\Desktop\mini_projet\CheckInOutAPI-Hotel-Reservation-Management-main\src\main\java\com\api\apicheck_incheck_out\mapper\ChambreMapper.java,com.api.apicheck_incheck_out.mapper.ChambreMapper,ChambreMapper/1[com.api.apicheck_incheck_out.repository.ChambreReservationRepository],true,20,1,0,0,0,1,0,3,0,0,1,0,0,0,0,0,0,0,0,0,1,0,0,0,0,0,5,1,0,false
C:\Users\DELL PRO\Desktop\mini_projet\CheckInOutAPI-Hotel-Reservation-Management-main\src\main\java\com\api\apicheck_incheck_out\mapper\ChambreMapper.java,com.api.apicheck_incheck_out.mapper.ChambreMapper,toDTO/1[com.api.apicheck_incheck_out.entity.Chambre],false,25,2,4,3,1,1,10,4,1,1,1,10,0,0,0,0,0,0,0,0,1,0,0,0,0,0,8,1,0,false
